[22:03:03] [main/INFO]: Loading Minecraft 1.20.1 with Fabric Loader 0.18.4
[22:03:03] [ForkJoinPool-1-worker-1/WARN]: Mod wither_spawn_fix uses the version MC1.20.1-1.0.0 which isn't compatible with Loader's extended semantic version format (Could not parse version number component 'MC1'!), SemVer is recommended for reliably evaluating dependencies and prioritizing newer version
[22:03:03] [ForkJoinPool-1-worker-3/WARN]: The mod "dungeons_arise" contains invalid entries in its mod json:
- Unsupported root entry "credits" at line 12 column 12
[22:03:04] [ForkJoinPool-1-worker-3/WARN]: Mod naturalist uses the version 5.0pre3 which isn't compatible with Loader's extended semantic version format (Could not parse version number component '0pre3'!), SemVer is recommended for reliably evaluating dependencies and prioritizing newer version
[22:03:04] [ForkJoinPool-1-worker-2/WARN]: Mod oceansdelight uses the version fdrf-fabric-1.0.2-1.20 which isn't compatible with Loader's extended semantic version format (Could not parse version number component 'fdrf'!), SemVer is recommended for reliably evaluating dependencies and prioritizing newer version
[22:03:04] [ForkJoinPool-1-worker-2/WARN]: Mod ends_delight uses the version refabricated-1.20.1-2.5 which isn't compatible with Loader's extended semantic version format (Could not parse version number component 'refabricated'!), SemVer is recommended for reliably evaluating dependencies and prioritizing newer version
[22:03:04] [ForkJoinPool-1-worker-1/WARN]: Mod netherdepthsupgrade uses the version fabric-3.1.6-1.20 which isn't compatible with Loader's extended semantic version format (Could not parse version number component 'fabric'!), SemVer is recommended for reliably evaluating dependencies and prioritizing newer version
[22:03:05] [ForkJoinPool-1-worker-2/WARN]: The mod "openblocks" contains invalid entries in its mod json:
- Unsupported root entry "client" at line 24 column 11
[22:03:05] [ForkJoinPool-1-worker-4/WARN]: Mod magna uses the version ${version} which isn't compatible with Loader's extended semantic version format (Could not parse version number component '${version}'!), SemVer is recommended for reliably evaluating dependencies and prioritizing newer version
[22:03:05] [ForkJoinPool-1-worker-4/WARN]: Mod create_new_age uses the version 1.1.7f+mc1.20.1 which isn't compatible with Loader's extended semantic version format (Could not parse version number component '7f'!), SemVer is recommended for reliably evaluating dependencies and prioritizing newer version
[22:03:05] [main/INFO]: Dependencies overridden for cynosure, smoothgui, create_questing, estrogen, thermoo, prominent, bettertrims, frostiful, chatanimation, copycats
[22:03:06] [main/WARN]: Warnings were found!
 - Mod 'Alloy Forgery' (alloy_forgery) 2.1.2+1.20 recommends version 12.0.0 or later of roughlyenoughitems, which is missing!
	 - You should install version 12.0.0 or later of roughlyenoughitems for the optimal experience.
 - Mod 'Botania' (botania) 1.20.1-451-FABRIC conflicts with any version of mod 'Open Parties and Claims' (openpartiesandclaims), which is present with the following versions: 0.25.10!
	 - While this won't prevent you from starting the game, the developer(s) of mod 'Botania' (botania) have found that this combination may cause issues. You should remove one of the mods or check for updates that resolve the issue.
 - Mod 'Debugify' (debugify) 1.20.1+2.0 recommends any 3.x version of yet-another-config-lib, which is missing!
	 - You should install any 3.x version of yet-another-config-lib for the optimal experience.
 - Mod 'Mutant Creepers No Explody' (mutant_creepers_no_explody) 1.0.0 recommends any version of xaeropac, which is missing!
	 - You should install any version of xaeropac for the optimal experience.
 - Mod 'SimplySkills' (simplyskills) 1.7.2+1.20.1 recommends version 1.4.2+1.20.1 or later of amethyst_core, which is missing!
	 - You should install version 1.4.2+1.20.1 or later of amethyst_core for the optimal experience.
 - Mod 'Spellblades and Such' (spellbladenext) 2.3.0+1.20.1 recommends version 1.2.0+1.20.1 of mod 'Paladins & Priests (RPG Series)' (paladins), but only the wrong version is present: 1.4.0+1.20.1!
	 - You should install version 1.2.0+1.20.1 of mod 'Paladins & Priests (RPG Series)' (paladins) for the optimal experience.
[22:03:06] [main/INFO]: Loading 555 mods:
	- aaa_particles 1.20.1-1.4.12
	- accessories 1.0.0-beta.48+1.20.1
	   |-- io_wispforest_endec 0.1.8
	   |-- io_wispforest_endec_gson 0.1.5
	   \-- io_wispforest_endec_netty 0.1.4
	- ad_astra 1.15.20
	   \-- javazoom_jlayer 1.0.1
	- ad_astra_cable_fix 1.0.0
	- ad_astra_giselle_addon 6.19
	- advancednetherite 2.1.3-1.20.1
	- adventurez 1.4.20
	- ae2 15.4.10
	   \-- team_reborn_energy 3.0.0
	- ae2wtlib 15.2.1-fabric
	- alloy_forgery 2.1.2+1.20
	- allthetrims 3.4.3
	   \-- mixinsquared 0.1.1
	- almostunified 1.20.1-0.11.0
	- alternate-current 1.9.0
	- amendments 1.20-2.2.5
	- animal_feeding_trough 1.1.0+1.20.1
	- appbot 1.5.2
	- appleskin 2.5.2+mc1.20.1
	- aquamirae 6
	- aqupdcaracal 1.20-2.3.3
	- archers 1.3.0+1.20.1
	   \-- com_github_zsoltmolnarrr_tinyconfig 2.3.2
	- archers_expansion 0.2.6-1.20.1
	   \-- com_github_zsoltmolnarrr_tinyconfig 2.3.2
	- architectury 9.2.14
	- archon 0.8.1
	   |-- com_github_zsoltmolnarrr_tinyconfig 2.3.2
	   |-- omega-config 1.4.0+1.20.1
	   \-- saflib 1.1.0
	- artifacts 9.5.17
	   |-- expandability 9.0.4
	   \-- step-height-entity-attribute 1.2.0
	- ash_api 3.0.2+1.20.1
	- athena 3.1.2
	- attributefix 21.0.5
	- autotag-convention 2.0.2+1.20
	   \-- autotag 2.0.2+1.20
	- azurelib 3.0.27
	- azurelibarmor 2.0.14
	- badpackets 0.4.3
	- balm 7.3.38
	   \-- kuma_api 20.1.12
	- barteringstation 8.0.0
	- bcc 4.0.8
	- bclib 3.0.14
	   \-- wunderlib 1.1.5
	- beekeeperhut 2.0.1
	- better-trim-tooltips 1.0.1
	- betterarcheology 1.2.1-1.20.1
	- bettercombat 1.9.0+1.20.1
	- betterdeserttemples 1.20-Fabric-3.0.3
	   \-- org_reflections_reflections 0.10.2
	- betterdungeons 1.20-Fabric-4.0.4
	- betterend 4.0.11
	- betterend-crashed-ships 1.0.0
	- betterendisland 1.20-Fabric-2.0.6
	- betterfortresses 1.20-Fabric-2.0.6
	- betterjungletemples 1.20-Fabric-2.0.5
	- bettermineshafts 1.20-Fabric-4.0.4
	- betternether 9.0.10
	- betteroceanmonuments 1.20-Fabric-3.0.4
	- betterstrongholds 1.20-Fabric-4.0.3
	- betterthanmending 1.3.0
	- bettertrims 2.3.2
	   \-- mixinsquared 0.1.1
	- betterwitchhuts 1.20-Fabric-3.0.3
	- bewitchment 1.20-10
	   |-- impersonate 2.10.3
	   |-- playerabilitylib 1.8.0
	   |-- reach-entity-attributes 2.4.0
	   \-- terraform-wood-api-v1 7.0.3
	- bewitchment-tweaks 1.0.0
	- blockrunner 8.0.4
	- blockswap 5.0.0.0
	- boatbreakfix 1.0.2
	- bookshelf 20.2.15
	- bosses_of_mass_destruction 1.7.5-1.20.1
	   |-- maelstrom_library 1.6.1-1.20
	   \-- multipart_entities 1.5-1.20
	- botania 1.20.1-451-FABRIC
	   |-- fiber 0.23.0-2
	   |-- reach-entity-attributes 2.4.0
	   \-- step-height-entity-attribute 1.2.0
	- botarium 2.3.4
	   \-- team_reborn_energy 3.0.0
	- brewery 1.1.9
	- buildguide 0.4.8
	- bwncr 3.17.2
	- cardinal-components 5.2.3
	   |-- cardinal-components-base 5.2.3
	   |-- cardinal-components-block 5.2.3
	   |-- cardinal-components-chunk 5.2.3
	   |-- cardinal-components-entity 5.2.3
	   |-- cardinal-components-item 5.2.3
	   |-- cardinal-components-level 5.2.3
	   |-- cardinal-components-scoreboard 5.2.3
	   \-- cardinal-components-world 5.2.3
	- carryon 2.1.2.7
	- chefsdelight 1.0.4-fabric-1.20.1
	   \-- structurized-reborn 1.20.1-01
	- chipped 3.0.7
	- chipped_express 1.3.2
	- chunksavefix 1.0.0
	- chunky 1.3.146
	- cicada 0.14.3+1.20.1
	   \-- org_yaml_snakeyaml 2.2
	- clickadv 1.20.1-3.8
	- cloth-config 11.1.136
	   \-- cloth-basic-math 0.6.1
	- clumps 12.0.0.4
	- collective 8.13
	- colorwheel 1.2.5+mc1.20.1
	- combat_effects 1.0.0
	- combatroll 1.3.3+1.20.1
	- comforts 6.4.0+1.20.1
	- commonnetworking 1.0.5-1.20.1
	- connectiblechains 2.5.7+1.20.1
	- connectivity 1.20.1-7.6
	- convenientdecor 0.4.3
	   \-- omega-config 1.4.0+1.20.1
	- copycats 3.0.7+mc.1.20.1-fabric
	- coroutil 1.20.1-1.3.7
	- crash_assistant 1.11.9
	- create 6.0.8.1+build.1744-mc1.20.1
	   |-- com_google_code_findbugs_jsr305 3.0.2
	   |-- flywheel 1.0.5+1.20.1.build.264
	   |-- milk 1.2.60
	   |    \-- dripstone_fluid_lib 3.0.2
	   |-- ponder 1.0.91
	   |    |-- com_google_code_findbugs_jsr305 3.0.2
	   |    |-- flywheel 1.0.0
	   |    \-- javax_annotation_javax_annotation-api 1.3.2
	   |-- porting_lib_accessors 2.3.13+1.20.1
	   |    \-- porting_lib_core 2.3.13+1.20.1
	   |-- porting_lib_base 2.3.13+1.20.1
	   |    |-- porting_lib_attributes 2.3.13+1.20.1
	   |    |-- porting_lib_common 2.3.13+1.20.1
	   |    |-- porting_lib_config 2.3.13+1.20.1
	   |    |-- porting_lib_core 2.3.13+1.20.1
	   |    |-- porting_lib_fluids 2.3.13+1.20.1
	   |    |-- porting_lib_gui_utils 2.3.13+1.20.1
	   |    |-- porting_lib_lazy_registration 2.3.13+1.20.1
	   |    |-- porting_lib_mixin_extensions 2.3.13+1.20.1
	   |    |-- porting_lib_utility 2.3.13+1.20.1
	   |    \-- reach-entity-attributes 2.4.0
	   |-- porting_lib_brewing 2.3.13+1.20.1
	   |    \-- porting_lib_core 2.3.13+1.20.1
	   |-- porting_lib_client_events 2.3.13+1.20.1
	   |    \-- porting_lib_core 2.3.13+1.20.1
	   |-- porting_lib_entity 2.3.13+1.20.1
	   |    |-- porting_lib_core 2.3.13+1.20.1
	   |    \-- porting_lib_mixin_extensions 2.3.13+1.20.1
	   |-- porting_lib_extensions 2.3.13+1.20.1
	   |    |-- porting_lib_attributes 2.3.13+1.20.1
	   |    |-- porting_lib_common 2.3.13+1.20.1
	   |    |-- porting_lib_core 2.3.13+1.20.1
	   |    \-- reach-entity-attributes 2.4.0
	   |-- porting_lib_model_generators 2.3.13+1.20.1
	   |    |-- porting_lib_core 2.3.13+1.20.1
	   |    |-- porting_lib_data 2.3.13+1.20.1
	   |    |-- porting_lib_model_materials 2.3.13+1.20.1
	   |    \-- porting_lib_utility 2.3.13+1.20.1
	   |-- porting_lib_models 2.3.13+1.20.1
	   |    |-- porting_lib_core 2.3.13+1.20.1
	   |    |-- porting_lib_fluids 2.3.13+1.20.1
	   |    \-- porting_lib_model_loader 2.3.13+1.20.1
	   |-- porting_lib_networking 2.3.13+1.20.1
	   |    \-- porting_lib_core 2.3.13+1.20.1
	   |-- porting_lib_obj_loader 2.3.13+1.20.1
	   |    |-- porting_lib_core 2.3.13+1.20.1
	   |    \-- porting_lib_model_loader 2.3.13+1.20.1
	   |-- porting_lib_tool_actions 2.3.13+1.20.1
	   |    \-- porting_lib_core 2.3.13+1.20.1
	   |-- porting_lib_transfer 2.3.13+1.20.1
	   |    |-- porting_lib_core 2.3.13+1.20.1
	   |    \-- porting_lib_fluids 2.3.13+1.20.1
	   |-- reach-entity-attributes 2.4.0
	   \-- registrate-fabric 1.3.79-MC1.20.1
	        |-- com_google_code_findbugs_jsr305 3.0.2
	        \-- porting_lib_tags 3.0
	             \-- porting_lib_gametest 2.1.1090+1.20
	- create_new_age 1.1.7f+mc1.20.1
	   \-- esl 1.1.3
	        \-- team_reborn_energy 3.0.0
	- create_questing 1.0.0
	- createaddition 1.3.4
	- createbetterfps 1.1.1
	- createestrogen 1.0.1+1.20.1
	- creativecore 2.12.34
	   \-- net_minecraftforge_eventbus 6.0.3
	- creeperoverhaul 3.0.2
	- cristellib 1.1.5
	   \-- blue_endless_jankson 1.2.3
	- croptopia 3.0.3
	- ctov 3.4.14
	- cupboard 1.20.1-3.7
	- custom_entity_attributes 1.0.0
	- customitemattributes 2.0.0
	- cynosure 0.1.16
	   |-- com_teamresourceful_bytecodecs 1.0.2
	   |-- kritter 0.1.12+1.20.1
	   \-- org_jetbrains_kotlin_kotlin-metadata-jvm 2.1.20
	- darkpaintings 17.0.6
	- darkutils 17.0.6
	- dawn 5.0.0
	   \-- terraform-shapes-api-v1 7.0.1
	- death_knights 1.0.0
	- debugify 1.20.1+2.0
	- decorative_blocks 4.0.3
	- deeperdarker 1.3.3-plus-b
	   \-- customportalapi 0.0.1-beta64-1.20
	- derelict 1.1.1
	- despawntweaks 1.0.0
	- deuf_refabricated 1.1.0
	- do_a_barrel_roll 3.6.1+1.20.1
	   \-- mixinsquared 0.1.1
	- doapi 1.2.15
	- doubledoors 7.2
	- dragonfight 1.20.1-4.7
	- dummmmmmy 1.20-2.0.8
	- dungeons_arise 2.1.58
	- dynamic_resource_bars 0.7.1
	- dynamictrim 1.4.1
	   \-- mixinsquared 0.1.1
	- eldritch_end 0.3.4
	- emi 1.1.22+1.20.1+fabric
	- emi_enchanting 0.1.2+1.20.1
	- emi_letsdo_compat 1.8.1
	- emi_loot 0.7.9+1.20.1+fabric
	- emi_ores 1.2+1.20.1+fabric
	- emiprofessions 1.0.4
	- endrem 5.2.4
	- ends_delight refabricated-1.20.1-2.5
	- epherolib 1.2.0
	- estrogen 5.0.8+1.20.1
	   |-- baubly 1.0.1
	   |-- com_teamresourceful_resourceful-cosmetics-4j 1.0.5
	   |-- flywheel 1.0.2+1.20.1
	   \-- kittyconfig 1.2.16
	        |-- io_github_xn32_json5k-jvm 0.3.0
	        |-- kittynetworking 0.1.29
	        \-- net_peanuuutz_tomlkt_tomlkt-jvm 0.4.0
	- eternal_attributes 1.0.0
	- expandeddelight 0.3.2
	   |-- mm 2.3
	   \-- omega-config 1.4.0+1.20.1
	- explorations 1.20.1-1.6.1
	- explorerscompass 1.20.1-2.6.0-fabric
	- explorify 1.6.4
	- extendedae 1.20-1.0.2-fabric
	   \-- configuration 2.2.0
	- extra-mod-integrations 0.4.7+1.20.1
	- extraspellattributes 1.3.2
	- extremesoundmuffler 3.51
	   \-- fiber 0.23.0-2
	- fabric-api 0.92.7+1.20.1
	   |-- fabric-api-base 0.4.32+1802ada577
	   |-- fabric-api-lookup-api-v1 1.6.37+1802ada577
	   |-- fabric-biome-api-v1 13.0.15+93aa238b77
	   |-- fabric-block-api-v1 1.0.12+1802ada577
	   |-- fabric-block-view-api-v2 1.0.3+924f046a77
	   |-- fabric-blockrenderlayer-v1 1.1.42+1802ada577
	   |-- fabric-client-tags-api-v1 1.1.3+1802ada577
	   |-- fabric-command-api-v1 1.2.35+f71b366f77
	   |-- fabric-command-api-v2 2.2.14+1802ada577
	   |-- fabric-commands-v0 0.2.52+df3654b377
	   |-- fabric-containers-v0 0.1.67+df3654b377
	   |-- fabric-content-registries-v0 4.0.13+1802ada577
	   |-- fabric-convention-tags-v1 1.5.6+1802ada577
	   |-- fabric-crash-report-info-v1 0.2.20+1802ada577
	   |-- fabric-data-attachment-api-v1 1.0.2+de0fd6d177
	   |-- fabric-data-generation-api-v1 12.3.7+1802ada577
	   |-- fabric-dimensions-v1 2.1.55+1802ada577
	   |-- fabric-entity-events-v1 1.6.1+1c78457f77
	   |-- fabric-events-interaction-v0 0.6.5+13a40c6677
	   |-- fabric-events-lifecycle-v0 0.2.64+df3654b377
	   |-- fabric-game-rule-api-v1 1.0.41+1802ada577
	   |-- fabric-item-api-v1 2.1.29+1802ada577
	   |-- fabric-item-group-api-v1 4.0.14+1802ada577
	   |-- fabric-key-binding-api-v1 1.0.38+1802ada577
	   |-- fabric-keybindings-v0 0.2.36+df3654b377
	   |-- fabric-lifecycle-events-v1 2.2.23+1802ada577
	   |-- fabric-loot-api-v2 1.2.3+1802ada577
	   |-- fabric-loot-tables-v1 1.1.47+9e7660c677
	   |-- fabric-message-api-v1 5.1.10+1802ada577
	   |-- fabric-mining-level-api-v1 2.1.52+1802ada577
	   |-- fabric-model-loading-api-v1 1.0.4+1802ada577
	   |-- fabric-models-v0 0.4.3+9386d8a777
	   |-- fabric-networking-api-v1 1.3.14+a158aa0477
	   |-- fabric-networking-v0 0.3.54+df3654b377
	   |-- fabric-object-builder-api-v1 11.1.5+e35120df77
	   |-- fabric-particles-v1 1.1.3+1802ada577
	   |-- fabric-recipe-api-v1 1.0.24+1802ada577
	   |-- fabric-registry-sync-v0 2.3.6+1802ada577
	   |-- fabric-renderer-api-v1 3.2.2+1802ada577
	   |-- fabric-renderer-indigo 1.5.3+85287f9f77
	   |-- fabric-renderer-registries-v1 3.2.47+df3654b377
	   |-- fabric-rendering-data-attachment-v1 0.3.39+92a0d36777
	   |-- fabric-rendering-fluids-v1 3.0.29+1802ada577
	   |-- fabric-rendering-v0 1.1.50+df3654b377
	   |-- fabric-rendering-v1 3.0.9+1802ada577
	   |-- fabric-resource-conditions-api-v1 2.3.9+1802ada577
	   |-- fabric-resource-loader-v0 0.11.12+fb82e9d777
	   |-- fabric-screen-api-v1 2.0.9+1802ada577
	   |-- fabric-screen-handler-api-v1 1.3.33+1802ada577
	   |-- fabric-sound-api-v1 1.0.14+1802ada577
	   |-- fabric-transfer-api-v1 3.3.6+8dd72ea377
	   \-- fabric-transitive-access-wideners-v1 4.3.2+1802ada577
	- fabric-language-kotlin 1.13.9+kotlin.2.3.10
	   |-- org_jetbrains_kotlin_kotlin-reflect 2.3.10
	   |-- org_jetbrains_kotlin_kotlin-stdlib 2.3.10
	   |-- org_jetbrains_kotlin_kotlin-stdlib-jdk7 2.3.10
	   |-- org_jetbrains_kotlin_kotlin-stdlib-jdk8 2.3.10
	   |-- org_jetbrains_kotlinx_atomicfu-jvm 0.31.0
	   |-- org_jetbrains_kotlinx_kotlinx-coroutines-core-jvm 1.10.2
	   |-- org_jetbrains_kotlinx_kotlinx-coroutines-jdk8 1.10.2
	   |-- org_jetbrains_kotlinx_kotlinx-datetime-jvm 0.7.1
	   |-- org_jetbrains_kotlinx_kotlinx-io-bytestring-jvm 0.8.2
	   |-- org_jetbrains_kotlinx_kotlinx-io-core-jvm 0.8.2
	   |-- org_jetbrains_kotlinx_kotlinx-serialization-cbor-jvm 1.10.0
	   |-- org_jetbrains_kotlinx_kotlinx-serialization-core-jvm 1.10.0
	   \-- org_jetbrains_kotlinx_kotlinx-serialization-json-jvm 1.10.0
	- fabricloader 0.18.4
	- fakerlib 0.1.5
	   \-- mixinsquared 0.1.1
	- fancy_hotbar 1.0.0
	- farmersdelight 1.20.1-2.4.1+refabricated
	   |-- mm 2.3
	   |-- porting_lib_loot 2.3.8+1.20.1
	   \-- porting_lib_recipe_book_categories 2.3.8+1.20.1
	- farmersknives 3.2
	- faster-random 5.1.0
	- fastpaintings 1.20-1.2.7
	- faux-custom-entity-data 6.0.1
	- ferritecore 6.0.1
	- fishontheline 3.5
	- flowerymooblooms 2.0.2
	- forgeconfigapiport 8.0.2
	- forgeconfigscreens 8.0.2
	- friendsandfoes 3.0.9
	   \-- reach-entity-attributes 2.4.0
	- frostiful 1.0.11
	   \-- mm 2.3
	- ftblibrary 2001.2.9
	- ftbquests 2001.4.13
	   \-- team_reborn_energy 3.0.0
	- ftbteams 2001.3.1
	- ftbxmodcompat 2.1.3
	- fwaystones 3.3.3+mc1.20.1
	- fzzy_config 0.7.0+1.20.1
	   \-- fabric-permissions-api-v0 0.3.1
	- geckolib 4.7.4
	   \-- com_eliotlash_mclib_mclib 20
	- geophilic 3.4.6
	- grassoverhaul 25.1.31
	- graveyard 3.0
	- gun-scaling 2.1.0
	   \-- com_github_zsoltmolnarrr_tinyconfig 2.3.2
	- handcrafted 3.0.6
	- herbalbrews 1.0.12
	- highlight 2.0.1
	- icarus 2.13.1
	- iceberg 1.1.25
	- idwtialsimmoedm 0.3.1+1.20
	- immersive_melodies 0.5.0+1.20.1
	- immersive_optimization 0.1.4
	- immersivelanterns 1.0.4
	- immersivemessages 1.0.6
	   \-- mm 2.3
	- indrev 1.16.5-BETA
	   |-- libgui 8.1.1+1.20.1
	   |    |-- jankson 6.0.0+j1.2.3
	   |    \-- libninepatch 1.2.0
	   |-- noindium 1.1.0+1.19
	   |-- step-height-entity-attribute 1.2.0
	   \-- team_reborn_energy 3.0.0
	- indrev-emi-plugin 1.0.1
	- integrated_api 1.7.4+1.20.1-fabric
	- integrated_villages 1.3.2+1.20.1-fabric
	- inventorysorter 1.9.0-1.20
	   \-- kyrptconfig 1.5.6-1.20
	- invoke 1.0.3.1-1.20.1
	- ironchests 5.0.2
	- item_obliterator 2.3.0
	- itemfilters 2001.1.0-build.59
	- jade 11.13.1+fabric
	- jamlib 1.3.5+1.20.1
	- java 21
	- jewelry 1.3.7+1.20.1
	   \-- com_github_zsoltmolnarrr_tinyconfig 2.3.2
	- justhammers 20.1.5+mc1.20.1
	- kibe 1.10.1-BETA+1.20
	   \-- playerabilitylib 1.8.0
	- kleeslabs 15.0.4
	- konkrete 1.8.1
	- leavesbegone 8.0.0
	- libz 1.0.3
	- lithium 0.11.4
	- lithostitched 1.4.11
	- lmft 1.1.1+1.21.9
	- logbegone 1.0.8
	- lootintegrations 1.20.1-4.7
	- lootintegrations_integrated 1
	- lootintegrations_moog 1.8
	- lootr 0.7.35.86
	- ltxtbfix 1.20.1-fabric-1.0.2
	- magnumtorch 8.0.2
	- mavapi 1.1.4
	- mavm 1.2.6
	- mcda 5.0.2
	- mcdw 9.0.4
	- mcwholidays 1.1.2
	- megacells 2.4.6-1.20.1
	- melody 1.0.3
	- memorysettings 1.20.1-5.9
	- merequester 1.20.1-1.1.4
	- mes 1.4.6-1.20-fabric
	- midnightlib 1.9.2
	- minecells 1.9.2
	   \-- gimm1q 0.7.9+1.20.1
	        \-- com_github_redempt_crunch 2.0.3
	- minecraft 1.20.1
	- mixintrace 1.1.1+1.17
	- mmmindicators 1.0.0
	- mobhealthbar 2.3.0
	- mobs_of_mythology 2.1.2
	- modern_industrialization 1.8.6
	   |-- magna 1.10.1+1.20.1
	   |-- noindium 1.1.0+1.20
	   |-- playerabilitylib 1.8.0
	   \-- team_reborn_energy 3.0.0
	- modernfix 5.24.3+mc1.20.1
	- modpack-update-checker 0.15.6
	   \-- mpuc_lavendermd 0.1.2
	- moogs_structures 1.1.0-1.20-1.20.4
	- moonlight 1.20-2.16.28
	   \-- mixinsquared 0.1.1
	- more_armor_trims 1.5.0-1.20.1
	- more_rpg_classes 1.2.18-1.20.1
	   \-- com_github_zsoltmolnarrr_tinyconfig 2.3.2
	- moremobvariants 1.3.1
	- moretotems 2.16.0
	- mutant-skeleton-armor-tweaks 2.1.0
	- mutant_creepers_no_explody 1.0.0
	- mutantmonsters 8.0.8
	   \-- extensibleenums 7.0.1
	- mvs 5.0.4
	- mythicmounts 1.20.1-7.2
	- mythicupgrades 4.2.0+mc1.20.1
	- naturalist 5.0pre3
	- naturescompass 1.20.1-2.6.0-fabric
	- necronomicon 1.6.0
	- nerb 0.4.1
	- neruina 2.3.1-beta.1
	   |-- com_fasterxml_jackson_core_jackson-annotations 2.17.0
	   |-- com_fasterxml_jackson_core_jackson-core 2.17.0
	   |-- com_fasterxml_jackson_core_jackson-databind 2.17.0
	   |-- org_apache_httpcomponents_client5_httpclient5 5.3.1
	   |-- org_apache_httpcomponents_core5_httpcore5 5.3.1
	   |-- org_apache_maven_maven-artifact 3.8.1
	   \-- org_kohsuke_github-api 1.318
	- netherchested 8.0.4
	   \-- puzzlesapi 8.1.7
	- netherdepthsupgrade fabric-3.1.6-1.20
	- netherportalfix 13.0.1
	- nightconfigfixes 8.0.0
	- nochatreports 1.20.1-v2.2.2
	   |-- fabric-rendering-v1 3.0.6+b3afc78b82
	   \-- fabric-screen-api-v1 2.0.6+b3afc78b82
	- obscure_api 16
	- oceansdelight fdrf-fabric-1.0.2-1.20
	- octolib 0.5.0.1
	   \-- org_yaml_snakeyaml 2.2
	- offhandtickfix 1.0.0
	- onlyexcavators 1.20.1-1.0.0
	- opacpvp 1.0.0
	- openblocks 0.0.3-1.20.1
	- openpartiesandclaims 0.25.10
	- owo 0.11.2+1.20
	- oxidized 1.8.2
	- packetfixer 3.3.1
	- paladins 1.4.0+1.20.1
	   \-- com_github_zsoltmolnarrr_tinyconfig 2.3.2
	- patchouli 1.20.1-84-FABRIC
	   \-- fiber 0.23.0-2
	- paxi 1.20-Fabric-4.0
	- pehkui 3.8.3+1.14.4-1.21
	   \-- kanos_config 0.4.1+1.14.4-1.19.4
	- philipsruins 5.7
	- pigpen 15.0.3
	- pingwheel 1.12.1
	- piratesdoom 1.0.0
	- player-animator 1.0.2-rc1+1.20
	- polyeng 0.1.1-1.20.1
	- polymorph 0.49.10+1.20.1
	   \-- spectrelib 0.13.17+1.20.1
	- powah 5.0.11
	- projectile_damage 3.2.3+1.20.1
	- promenade 4.1.1
	   \-- biolith 1.0.0-alpha.8
	        \-- terraform-surfaces-api-v1 7.0.1
	- prominent 3.0.0
	   |-- prominent_talents 2.8.0
	   \-- sbprom 1.1.0
	        \-- com_github_zsoltmolnarrr_tinyconfig 2.3.2
	- prominent_ost 1.0.0
	- puffish_attributes 0.7.7
	- puffish_skills 0.16.0
	- puzzleslib 8.1.33
	   \-- puzzlesaccessapi 20.1.1
	- quartzelv 2.2.7+1.20.4
	- questkilltask 0.2.0+1.20.1
	- railways 1.7.2+fabric-mc1.20.1
	   |-- mixinextras 0.5.3
	   \-- mm 2.3
	- ranged_weapon_api 1.1.4+1.20.1
	- rare-ice 0.6.0
	- reacharound 1.3.1
	- rebalance 1.2.0
	- reborncore 5.8.14
	   \-- team_reborn_energy 3.0.0
	- recipeessentials 1.20.1-4.1
	- recipesplitter 1.0-SNAPSHOT
	- redirected 1.0.0
	- regions_unexplored 0.5.6+1.20.1
	- resistance_balancer 1.1.0
	- resourcefulconfig 2.1.3
	- resourcefullib 2.1.29
	   \-- com_teamresourceful_yabn 1.0.3
	- riverredux 0.3.1
	- rogues 1.2.0+1.20.1
	   \-- com_github_zsoltmolnarrr_tinyconfig 2.3.2
	- runelic 18.0.4
	- runes 0.9.13+1.20.1
	- satisfying_buttons 1.1.2
	- serverbrowser 1.3.0
	- shield_api 1.0.1+1.20.1
	- shield_overhaul 2.0.4
	- simple_snowy_fix 2.1.5
	- simply-swords-battle-standard-tweaks 1.3.0
	- simply_houses 1.1.4-1.20.1
	- simplyskills 1.7.2+1.20.1
	- simplyswords 1.56.0-1.20.1
	   \-- spruceui 5.0.0+1.20
	- skinlayers3d 1.10.2
	   |-- transition 1.0.13
	   \-- trender 1.0.10
	- skyvillages 1.0.4-1.19.2-1.20.1
	- smartbrainlib 1.15
	- smoothchunk 1.20.1-4.1
	- smwyg 1.1.1
	- snifferplus 0.3.0
	- sortilege 1.7.5
	   \-- mm 2.3
	- soulsweapons 1.3.1-1.20.1-fabric
	- spark 1.10.53
	- spell-engine-openpac-compat 1.0.0
	- spell_engine 0.15.12+1.20.1
	   \-- com_github_zsoltmolnarrr_tinyconfig 2.3.2
	- spell_power 0.12.0+1.20.1
	   \-- com_github_zsoltmolnarrr_tinyconfig 2.3.2
	- spellbladenext 2.3.0+1.20.1
	   \-- com_github_zsoltmolnarrr_tinyconfig 2.3.2
	- stackdeobfuscator 1.4.3+08e71cc
	   |-- net_fabricmc_mapping-io 0.6.1
	   \-- stackdeobfuscator-common 1.4.3+08e71cc
	- starterkit 7.4
	- stoneworks 8.0.0
	- structure_pool_api 1.0+1.20.1
	- structureessentials 1.20.1-4.8
	- supermartijn642configlib 1.1.8+a
	- supplementaries 1.20-3.1.42
	   \-- mixinsquared 0.1.1
	- swampier_swamps 1.20-4.0.0
	- t_and_t 1.12
	- tclayer 3.8.1+beta.14
	- techreborn 5.8.14
	   \-- team_reborn_energy 3.0.0
	- terrablender 3.0.1.10
	   |-- com_electronwill_night-config_core 3.6.7
	   \-- com_electronwill_night-config_toml 3.6.7
	- thaumon 2.3.0+1.20.1
	- the_bumblezone 7.9.10+1.20.1-fabric
	   \-- noindium 1.1.0+1.20
	- thermoo 2.3.3
	- thiccpackets 1.17-1.19+
	- things 0.3.3+1.20
	   \-- lavender 0.1.0-pre.18+1.20
	        |-- lavender-md 0.1.0-pre.3+1.20
	        \-- lavender-md-owo-ui 0.1.0-pre.3+1.20
	- tiered 1.2.0
	   |-- autotag 2.0.2+1.20
	   \-- reach-entity-attributes 2.4.0
	- tinyskeletons 8.0.1
	- tlc 1.0.1
	- toofast 1.2.0
	- tradingpost 8.0.2
	- transmog 1.3.0+1.20
	- transparent 8.0.1+1.20.1
	- travelersbackpack 9.1.50
	   \-- reach-entity-attributes 2.4.0
	- treechop 0.19.0
	- twigs 3.1.0
	- txnilib 1.0.24
	- unsafe-world-random-access-detector 1.1.0
	- veinmining 1.5.0+1.20.1
	- villagernames 8.2
	- villagersplus 3.1
	- vinery 1.4.41
	- visualworkbench 8.0.1
	- vitalityfix 1.0.0
	- wands 3.0.2
	- watut 1.20.1-1.2.3
	- windchimes 1.2.4+1.20
	- winterly 0.9.3+1.20
	- wither_spawn_fix MC1.20.1-1.0.0
	- wizards 1.4.1+1.20.1
	   \-- com_github_zsoltmolnarrr_tinyconfig 2.3.2
	- xaerominimap 25.3.10
	   \-- xaerolib 1.1.0
	- xaeroworldmap 1.40.11
	   \-- xaerolib 1.1.0
	- yet_another_config_lib_v3 3.6.6+1.20.1-fabric
	   |-- com_twelvemonkeys_common_common-image 3.12.0
	   |-- com_twelvemonkeys_common_common-io 3.12.0
	   |-- com_twelvemonkeys_common_common-lang 3.12.0
	   |-- com_twelvemonkeys_imageio_imageio-core 3.12.0
	   |-- com_twelvemonkeys_imageio_imageio-metadata 3.12.0
	   |-- com_twelvemonkeys_imageio_imageio-webp 3.12.0
	   |-- org_quiltmc_parsers_gson 0.2.1
	   \-- org_quiltmc_parsers_json 0.2.1
	- yigd 2.0.16
	   \-- libgui 8.1.1+1.20.1
	        |-- jankson 6.0.0+j1.2.3
	        \-- libninepatch 1.2.0
	- yosbr 0.1.2
	- ysns 2.0.2
	- yungsapi 1.20-Fabric-4.0.6
	   \-- org_javassist_javassist 3.29.2-GA
	- yungsbridges 1.20-Fabric-4.0.3
	- zenith 2.0.1
	   \-- mm 2.3
	- zenith_attributes 1.0.3
	   |-- additionalentityattributes 1.7.6+1.20.1
	   |-- playerabilitylib 1.8.0
	   \-- reach-entity-attributes 2.4.0
[22:03:06] [main/WARN]: launchTarget: SERVER. Crash Assistant is client only mod. Mod will do nothing!
[22:03:06] [main/INFO]: Applying default options... (YOSBR)
[22:03:06] [main/INFO]: SpongePowered MIXIN Subsystem Version=0.8.7 Source=file:/workspaces/chivito/servidor_minecraft/libraries/net/fabricmc/sponge-mixin/0.17.0+mixin.0.8.7/sponge-mixin-0.17.0+mixin.0.8.7.jar Service=Knot/Fabric Env=SERVER
[22:03:06] [main/INFO]: Compatibility level set to JAVA_17
[22:03:07] [main/WARN]: Reference map 'coroutil.refmap.json' for coroutil_fabric.mixins.json could not be read. If this is a development environment you can ignore this message
[22:03:07] [main/WARN]: Reference map '[common]ctov-common-refmap.json' for ctov-common.mixins.json could not be read. If this is a development environment you can ignore this message
[22:03:07] [main/WARN]: Reference map 'cynosure.refmap.json' for cynosure.mixins.json could not be read. If this is a development environment you can ignore this message
[22:03:07] [main/INFO]: Preloading Debugify
[22:03:07] [main/WARN]: Reference map 'emi-letsdo-compat-common-refmap.json' for emi_letsdo_compat-common.mixins.json could not be read. If this is a development environment you can ignore this message
[22:03:07] [main/WARN]: Reference map 'graveyard-FABRIC-fabric-refmap.json' for graveyard-fabric.mixins.json could not be read. If this is a development environment you can ignore this message
[22:03:07] [main/WARN]: Reference map 'icarus.refmap.json' for icarus.mixins.json could not be read. If this is a development environment you can ignore this message
[22:03:07] [main/WARN]: Reference map 'icarus.refmap.json' for icarus.fabric.mixins.json could not be read. If this is a development environment you can ignore this message
[22:03:07] [main/INFO]: File exists, reading config for elocindev.item_obliterator.fabric_quilt.config.ConfigEntries.
[22:03:07] [main/INFO]: Config for elocindev.item_obliterator.fabric_quilt.config.ConfigEntries read successfully.
[22:03:07] [main/WARN]: Reference map 'justhammers-common-refmap.json' for justhammers-common.mixins.json could not be read. If this is a development environment you can ignore this message
[22:03:07] [main/INFO]: Loaded configuration file for Lithium: 131 options available, 5 override(s) found
[22:03:07] [main/WARN]: Reference map 'mobhealthbar-fabric-1.20.x-refmap.json' for mobhealthbar.mixins.json could not be read. If this is a development environment you can ignore this message
[22:03:07] [main/INFO]: Loaded configuration file for ModernFix 5.24.3+mc1.20.1: 70 options available, 3 override(s) found
[22:03:07] [main/WARN]: Option 'mixin.perf.faster_item_rendering' overriden (by user configuration) to 'true'
[22:03:07] [main/WARN]: Option 'mixin.perf.dynamic_resources' overriden (by user configuration) to 'true'
[22:03:07] [main/WARN]: Option 'mixin.perf.blast_search_trees' overriden (by user configuration) to 'false'
[22:03:07] [main/INFO]: Applying Nashorn fix
[22:03:07] [main/WARN]: Reference map 'more_armor_trims-refmap.json' for more_armor_trims.mixins.json could not be read. If this is a development environment you can ignore this message
[22:03:07] [main/WARN]: Reference map 'mythic-mounts-refmap.json' for mythic-mounts.mixins.json could not be read. If this is a development environment you can ignore this message
[22:03:07] [main/WARN]: Reference map 'oceansdelight-refmap.json' for oceansdelight.mixins.json could not be read. If this is a development environment you can ignore this message
[22:03:07] [main/WARN]: Reference map 'OctoLib-COMMON-common-refmap.json' for octolib-common.mixins.json could not be read. If this is a development environment you can ignore this message
[22:03:07] [main/INFO]: Packet Fixer fabric 1.19.3-1.20.1 has been applied successfully.
[22:03:07] [main/WARN]: Reference map 'puffish_attributes-refmap.json' for puffish_attributes.mixins.json could not be read. If this is a development environment you can ignore this message
[22:03:07] [main/WARN]: Reference map 'puzzlesaccessapi.common.refmap.json' for puzzlesaccessapi.common.mixins.json could not be read. If this is a development environment you can ignore this message
[22:03:07] [main/WARN]: Reference map 'puzzlesaccessapi.fabric.refmap.json' for puzzlesaccessapi.fabric.mixins.json could not be read. If this is a development environment you can ignore this message
[22:03:07] [main/WARN]: Reference map 'simplyswords-fabric-refmap.json' for simplyswords.mixins.json could not be read. If this is a development environment you can ignore this message
[22:03:07] [main/WARN]: Reference map 'starterkit_fabric.refmap.json' for starterkit_fabric.mixins.json could not be read. If this is a development environment you can ignore this message
[22:03:07] [main/WARN]: Reference map 'supermartijn642configlib.mixins.refmap.json' for supermartijn642configlib.mixins.json could not be read. If this is a development environment you can ignore this message
[22:03:07] [main/WARN]: Reference map 'thaumon-common-refmap.json' for thaumon-common.mixins.json could not be read. If this is a development environment you can ignore this message
[22:03:08] [main/WARN]: Error loading class: net/minecraft/class_881 (java.lang.ClassNotFoundException: net/minecraft/class_881)
[22:03:08] [main/WARN]: @Mixin target net.minecraft.class_881 was not found porting_lib_base.mixins.json:client.BoatRendererMixin from mod porting_lib_base
[22:03:08] [main/WARN]: Error loading class: net/minecraft/class_525 (java.lang.ClassNotFoundException: net/minecraft/class_525)
[22:03:08] [main/WARN]: @Mixin target net.minecraft.class_525 was not found porting_lib_base.mixins.json:client.CreateWorldScreenMixin from mod porting_lib_base
[22:03:08] [main/WARN]: Error loading class: net/minecraft/class_906 (java.lang.ClassNotFoundException: net/minecraft/class_906)
[22:03:08] [main/WARN]: @Mixin target net.minecraft.class_906 was not found porting_lib_tool_actions.mixins.json:FishingHookRendererMixin from mod porting_lib_tool_actions
[22:03:08] [main/WARN]: Error loading class: net/minecraft/class_761 (java.lang.ClassNotFoundException: net/minecraft/class_761)
[22:03:08] [main/WARN]: @Mixin target net.minecraft.class_761 was not found accessories-common.mixins.json:LevelRendererAccessor from mod accessories
[22:03:08] [main/WARN]: Error loading class: net/irisshaders/iris/gl/blending/BlendModeOverride (java.lang.ClassNotFoundException: net/irisshaders/iris/gl/blending/BlendModeOverride)
[22:03:08] [main/WARN]: @Mixin target net.irisshaders.iris.gl.blending.BlendModeOverride was not found colorwheel.mixins.json:iris.BlendModeOverrideMixin from mod colorwheel
[22:03:08] [main/WARN]: Error loading class: net/irisshaders/iris/shaderpack/materialmap/BlockMaterialMapping (java.lang.ClassNotFoundException: net/irisshaders/iris/shaderpack/materialmap/BlockMaterialMapping)
[22:03:08] [main/WARN]: @Mixin target net.irisshaders.iris.shaderpack.materialmap.BlockMaterialMapping was not found colorwheel.mixins.json:iris.BlockMaterialMappingMixin from mod colorwheel
[22:03:08] [main/WARN]: Error loading class: net/irisshaders/iris/Iris (java.lang.ClassNotFoundException: net/irisshaders/iris/Iris)
[22:03:08] [main/WARN]: @Mixin target net.irisshaders.iris.Iris was not found colorwheel.mixins.json:iris.IrisMixin from mod colorwheel
[22:03:08] [main/WARN]: Error loading class: net/irisshaders/iris/pipeline/IrisRenderingPipeline (java.lang.ClassNotFoundException: net/irisshaders/iris/pipeline/IrisRenderingPipeline)
[22:03:08] [main/WARN]: @Mixin target net.irisshaders.iris.pipeline.IrisRenderingPipeline was not found colorwheel.mixins.json:iris.IrisRenderingPipelineMixin from mod colorwheel
[22:03:08] [main/WARN]: Error loading class: net/irisshaders/iris/shaderpack/properties/PackShadowDirectives (java.lang.ClassNotFoundException: net/irisshaders/iris/shaderpack/properties/PackShadowDirectives)
[22:03:08] [main/WARN]: @Mixin target net.irisshaders.iris.shaderpack.properties.PackShadowDirectives was not found colorwheel.mixins.json:iris.PackShadowDirectivesMixin from mod colorwheel
[22:03:08] [main/WARN]: Error loading class: net/irisshaders/iris/shaderpack/properties/ProgramDirectives (java.lang.ClassNotFoundException: net/irisshaders/iris/shaderpack/properties/ProgramDirectives)
[22:03:08] [main/WARN]: @Mixin target net.irisshaders.iris.shaderpack.properties.ProgramDirectives was not found colorwheel.mixins.json:iris.ProgramDirectivesMixin from mod colorwheel
[22:03:08] [main/WARN]: Error loading class: net/irisshaders/iris/shaderpack/programs/ProgramSet (java.lang.ClassNotFoundException: net/irisshaders/iris/shaderpack/programs/ProgramSet)
[22:03:08] [main/WARN]: @Mixin target net.irisshaders.iris.shaderpack.programs.ProgramSet was not found colorwheel.mixins.json:iris.ProgramSetMixin from mod colorwheel
[22:03:08] [main/WARN]: Error loading class: net/irisshaders/iris/shaderpack/programs/ProgramSource (java.lang.ClassNotFoundException: net/irisshaders/iris/shaderpack/programs/ProgramSource)
[22:03:08] [main/WARN]: @Mixin target net.irisshaders.iris.shaderpack.programs.ProgramSource was not found colorwheel.mixins.json:iris.ProgramSourceMixin from mod colorwheel
[22:03:08] [main/WARN]: Error loading class: net/irisshaders/iris/targets/RenderTarget (java.lang.ClassNotFoundException: net/irisshaders/iris/targets/RenderTarget)
[22:03:08] [main/WARN]: @Mixin target net.irisshaders.iris.targets.RenderTarget was not found colorwheel.mixins.json:iris.RenderTargetMixin from mod colorwheel
[22:03:08] [main/WARN]: Error loading class: net/irisshaders/iris/shaderpack/ShaderPack (java.lang.ClassNotFoundException: net/irisshaders/iris/shaderpack/ShaderPack)
[22:03:08] [main/WARN]: @Mixin target net.irisshaders.iris.shaderpack.ShaderPack was not found colorwheel.mixins.json:iris.ShaderPackMixin from mod colorwheel
[22:03:08] [main/WARN]: Error loading class: net/irisshaders/iris/shaderpack/include/ShaderPackSourceNames (java.lang.ClassNotFoundException: net/irisshaders/iris/shaderpack/include/ShaderPackSourceNames)
[22:03:08] [main/WARN]: @Mixin target net.irisshaders.iris.shaderpack.include.ShaderPackSourceNames was not found colorwheel.mixins.json:iris.ShaderPackSourceNamesMixin from mod colorwheel
[22:03:08] [main/WARN]: Error loading class: net/irisshaders/iris/shadows/ShadowRenderer (java.lang.ClassNotFoundException: net/irisshaders/iris/shadows/ShadowRenderer)
[22:03:08] [main/WARN]: @Mixin target net.irisshaders.iris.shadows.ShadowRenderer was not found colorwheel.mixins.json:iris.ShadowRendererMixin from mod colorwheel
[22:03:08] [main/WARN]: Error loading class: net/irisshaders/iris/shadows/ShadowRenderTargets (java.lang.ClassNotFoundException: net/irisshaders/iris/shadows/ShadowRenderTargets)
[22:03:08] [main/WARN]: @Mixin target net.irisshaders.iris.shadows.ShadowRenderTargets was not found colorwheel.mixins.json:iris.ShadowRenderTargetsMixin from mod colorwheel
[22:03:08] [main/WARN]: Error loading class: net/irisshaders/iris/gl/shader/StandardMacros (java.lang.ClassNotFoundException: net/irisshaders/iris/gl/shader/StandardMacros)
[22:03:08] [main/WARN]: @Mixin target net.irisshaders.iris.gl.shader.StandardMacros was not found colorwheel.mixins.json:iris.StandardMacrosMixin from mod colorwheel
[22:03:08] [main/WARN]: Error loading class: io/github/apace100/apoli/power/factory/condition/ConditionFactory (java.lang.ClassNotFoundException: io/github/apace100/apoli/power/factory/condition/ConditionFactory)
[22:03:08] [main/WARN]: Error loading class: link/infra/indium/renderer/helper/GeometryHelper (java.lang.ClassNotFoundException: link/infra/indium/renderer/helper/GeometryHelper)
[22:03:08] [main/WARN]: Error loading class: net/fabricmc/fabric/impl/client/indigo/renderer/helper/GeometryHelper (java.lang.ClassNotFoundException: net/fabricmc/fabric/impl/client/indigo/renderer/helper/GeometryHelper)
[22:03:08] [main/WARN]: Error loading class: me/jellysquid/mods/lithium/common/ai/pathing/PathNodeDefaults (java.lang.ClassNotFoundException: me/jellysquid/mods/lithium/common/ai/pathing/PathNodeDefaults)
[22:03:08] [main/WARN]: Error loading class: com/tom/storagemod/tile/StorageTerminalBlockEntity (java.lang.ClassNotFoundException: com/tom/storagemod/tile/StorageTerminalBlockEntity)
[22:03:08] [main/WARN]: Error loading class: net/minecraft/class_310 (java.lang.ClassNotFoundException: net/minecraft/class_310)
[22:03:08] [main/WARN]: @Mixin target net.minecraft.class_310 was not found mixins.dynamic_resource_bars.json:compat.farmersdelight.BaseOverlayMixin from mod dynamic_resource_bars
[22:03:09] [main/INFO]: Loading Faster Random.
[22:03:09] [main/WARN]: Error loading class: net/minecraft/class_632 (java.lang.ClassNotFoundException: net/minecraft/class_632)
[22:03:09] [main/WARN]: @Mixin target net.minecraft.class_632 was not found lavender.mixins.json:ClientAdvancementManagerAccessor from mod lavender
[22:03:09] [main/WARN]: Force-disabling mixin 'ai.nearby_entity_tracking.EntityMixin' as rule 'mixin.ai.nearby_entity_tracking' (added by user configuration) disables it and children
[22:03:09] [main/WARN]: Force-disabling mixin 'ai.nearby_entity_tracking.EntityTrackingSectionMixin' as rule 'mixin.ai.nearby_entity_tracking' (added by user configuration) disables it and children
[22:03:09] [main/WARN]: Force-disabling mixin 'ai.nearby_entity_tracking.ServerEntityManagerAccessor' as rule 'mixin.ai.nearby_entity_tracking' (added by user configuration) disables it and children
[22:03:09] [main/WARN]: Force-disabling mixin 'ai.nearby_entity_tracking.ServerEntityManagerListenerMixin' as rule 'mixin.ai.nearby_entity_tracking' (added by user configuration) disables it and children
[22:03:09] [main/WARN]: Force-disabling mixin 'ai.nearby_entity_tracking.ServerEntityManagerMixin' as rule 'mixin.ai.nearby_entity_tracking' (added by user configuration) disables it and children
[22:03:09] [main/WARN]: Force-disabling mixin 'ai.nearby_entity_tracking.ServerWorldAccessor' as rule 'mixin.ai.nearby_entity_tracking' (added by user configuration) disables it and children
[22:03:09] [main/WARN]: Force-disabling mixin 'ai.nearby_entity_tracking.goals.FleeEntityGoalMixin' as rule 'mixin.ai.nearby_entity_tracking' (added by user configuration) disables it and children
[22:03:09] [main/WARN]: Force-disabling mixin 'ai.nearby_entity_tracking.goals.LookAtEntityGoalMixin' as rule 'mixin.ai.nearby_entity_tracking' (added by user configuration) disables it and children
[22:03:09] [main/WARN]: Force-disabling mixin 'ai.task.memory_change_counting.BrainMixin' as rule 'mixin.ai.task.memory_change_counting' (added by mods [smartbrainlib]) disables it and children
[22:03:09] [main/WARN]: Force-disabling mixin 'ai.task.memory_change_counting.MultiTickTaskMixin' as rule 'mixin.ai.task.memory_change_counting' (added by mods [smartbrainlib]) disables it and children
[22:03:09] [main/WARN]: Force-disabling mixin 'alloc.blockstate.StateMixin' as rule 'mixin.alloc.blockstate' (added by mods [ferritecore]) disables it and children
[22:03:09] [main/WARN]: Force-disabling mixin 'block.moving_block_shapes.PistonBlockEntityMixin' as rule 'mixin.block.moving_block_shapes' (added by mods [supplementaries]) disables it and children
[22:03:09] [main/WARN]: Force-disabling mixin 'block.moving_block_shapes.VoxelShapeMixin' as rule 'mixin.block.moving_block_shapes' (added by mods [supplementaries]) disables it and children
[22:03:09] [main/WARN]: Error loading class: net/minecraft/class_3494$class_3495 (java.lang.ClassNotFoundException: net/minecraft/class_3494$class_3495)
[22:03:09] [main/WARN]: Error loading class: net/minecraft/class_337$1 (java.lang.ClassNotFoundException: net/minecraft/class_337$1)
[22:03:09] [main/WARN]: @Mixin target net/minecraft/class_337$1 was not found minecells.mixins.json:client.hud.BossBarUpdaterMixin from mod minecells
[22:03:09] [main/WARN]: @Mixin target net.minecraft.class_525 was not found moonlight.mixins.json:CreateWorldScreenMixin from mod moonlight
[22:03:09] [main/WARN]: Error loading class: fr/catcore/server/translations/api/resource/language/SystemDelegatedLanguage (java.lang.ClassNotFoundException: fr/catcore/server/translations/api/resource/language/SystemDelegatedLanguage)
[22:03:09] [main/WARN]: Error loading class: draylar/magna/api/reach/ReachDistanceHelper (java.lang.ClassNotFoundException: draylar/magna/api/reach/ReachDistanceHelper)
[22:03:10] [main/INFO]: Loaded config for: recipeessentials.json
[22:03:10] [main/WARN]: Error loading class: net/minecraft/class_4267 (java.lang.ClassNotFoundException: net/minecraft/class_4267)
[22:03:10] [main/WARN]: @Mixin target net.minecraft.class_4267 was not found serverbrowser.mixins.json:ServerSelectionMixin from mod serverbrowser
[22:03:10] [main/WARN]: Error loading class: net/minecraft/class_329 (java.lang.ClassNotFoundException: net/minecraft/class_329)
[22:03:10] [main/WARN]: @Mixin target net.minecraft.class_329 was not found shield_overhaul.mixins.json:CursorIconMixin from mod shield_overhaul
[22:03:10] [main/INFO]: Loaded config for: structureessentials.json
[22:03:10] [main/WARN]: Error loading class: me/jellysquid/mods/sodium/client/render/chunk/compile/pipeline/FluidRenderer (java.lang.ClassNotFoundException: me/jellysquid/mods/sodium/client/render/chunk/compile/pipeline/FluidRenderer)
[22:03:10] [main/WARN]: Error loading class: com/ishland/c2me/fixes/worldgen/threading_issues/common/CheckedThreadLocalRandom (java.lang.ClassNotFoundException: com/ishland/c2me/fixes/worldgen/threading_issues/common/CheckedThreadLocalRandom)
[22:03:10] [main/WARN]: Error loading class: com/beansgalaxy/backpacks/compat/TrinketsRegistry$1 (java.lang.ClassNotFoundException: com/beansgalaxy/backpacks/compat/TrinketsRegistry$1)
[22:03:10] [main/WARN]: Error loading class: io/github/apace100/apoli/power/KeepInventoryPower (java.lang.ClassNotFoundException: io/github/apace100/apoli/power/KeepInventoryPower)
[22:03:10] [main/WARN]: Error loading class: net/minecraft/class_465 (java.lang.ClassNotFoundException: net/minecraft/class_465)
[22:03:10] [main/WARN]: @Mixin target net.minecraft.class_465 was not found zenith.mixins.json:AbstractContainerScreenAccessor from mod zenith
[22:03:10] [main/WARN]: Error loading class: net/minecraft/class_332 (java.lang.ClassNotFoundException: net/minecraft/class_332)
[22:03:10] [main/WARN]: @Mixin target net.minecraft.class_332 was not found zenith.mixins.json:GuiGraphicsAccessor from mod zenith
[22:03:10] [main/WARN]: Error loading class: net/minecraft/class_8002 (java.lang.ClassNotFoundException: net/minecraft/class_8002)
[22:03:10] [main/WARN]: @Mixin target net.minecraft.class_8002 was not found zenith.mixins.json:TooltipRenderUtilAccessor from mod zenith
[22:03:10] [main/WARN]: Error loading class: dev/ftb/mods/ftbchunks/client/gui/LargeMapScreen (java.lang.ClassNotFoundException: dev/ftb/mods/ftbchunks/client/gui/LargeMapScreen)
[22:03:10] [main/WARN]: @Mixin target dev.ftb.mods.ftbchunks.client.gui.LargeMapScreen was not found create.mixins.json:compat.ftbchunks.LargeMapScreenAccessor from mod create
[22:03:10] [main/WARN]: Error loading class: dev/ftb/mods/ftbchunks/client/gui/RegionMapPanel (java.lang.ClassNotFoundException: dev/ftb/mods/ftbchunks/client/gui/RegionMapPanel)
[22:03:10] [main/WARN]: @Mixin target dev.ftb.mods.ftbchunks.client.gui.RegionMapPanel was not found create.mixins.json:compat.ftbchunks.RegionMapPanelAccessor from mod create
[22:03:11] [main/INFO]: Loaded local config
[22:03:11] [main/INFO]: Loaded server config
[22:03:12] [main/INFO]: Initializing MixinExtras via com.llamalad7.mixinextras.service.MixinExtrasServiceImpl(version=0.5.3).
[22:03:13] [main/WARN]: @ModifyVariable(@At("INVOKE")) Shift.BY=2 on accessories-fabric.mixins.json:LivingEntityMixin from mod accessories::localvar$zfc000$accessories$adjustLooting exceeds the maximum allowed value: 0. Increase the value of maxShiftBy to suppress this warning.
[22:03:13] [main/WARN]: Method overwrite conflict for getContainerCounter in porting_lib_accessors.mixins.json:common.accessor.ServerPlayerAccessor from mod porting_lib_accessors, previously written by com.helliongames.snifferplus.mixin.MixinServerPlayer. Skipping method.
[22:03:13] [main/WARN]: Method overwrite conflict for getContainerCounter in moonlight.mixins.json:ServerPlayerAccessor from mod moonlight, previously written by com.helliongames.snifferplus.mixin.MixinServerPlayer. Skipping method.
[22:03:14] [main/INFO]: Mixing common.MixinFriendlyByteBuf from mixins/common/nochatreports.mixins.json into net.minecraft.class_2540
[22:03:14] [main/INFO]: Renaming synthetic method lambda$onWriteJsonWithCodec$1(Ljava/lang/Object;Ljava/lang/String;)Lio/netty/handler/codec/EncoderException; to md720de6$nochatreports$lambda$onWriteJsonWithCodec$1$0 in mixins/common/nochatreports.mixins.json:common.MixinFriendlyByteBuf from mod nochatreports
[22:03:14] [main/INFO]: Renaming synthetic method lambda$onReadJsonWithCodec$0(Ljava/lang/String;)Lio/netty/handler/codec/DecoderException; to md720de6$nochatreports$lambda$onReadJsonWithCodec$0$1 in mixins/common/nochatreports.mixins.json:common.MixinFriendlyByteBuf from mod nochatreports
[22:03:14] [main/WARN]: @ModifyConstant conflict. Skipping xlpackets.mixins.json:PacketByteBufMixin from mod thiccpackets->@ModifyConstant::xlPackets(J)J with priority 1000, already redirected by packetfixer.v1_19_3.fabric.mixins.json:v1_19_3_fabric.FriendlyByteBufMixin from mod packetfixer->@ModifyConstant::packetfixer$readNbt$newSize(J)J with priority 1000
[22:03:15] [main/INFO]: Injecting BlockStateBase cache population hook into getNeighborPathNodeType from me.jellysquid.mods.lithium.mixin.ai.pathing.AbstractBlockStateMixin
[22:03:15] [main/INFO]: Injecting BlockStateBase cache population hook into getPathNodeType from me.jellysquid.mods.lithium.mixin.ai.pathing.AbstractBlockStateMixin
[22:03:15] [main/INFO]: Injecting BlockStateBase cache population hook into getAllFlags from me.jellysquid.mods.lithium.mixin.util.block_tracking.AbstractBlockStateMixin
[22:03:15] [main/WARN]: @Redirect conflict. Skipping mixins.redirected_fabric_1.20.1.json:net.minecraft.world.level.block.piston.PistonBaseBlockMixin from mod redirected->@Redirect::redirectDirections()[Lnet/minecraft/class_2350; with priority 10, already redirected by lithium.mixins.json:alloc.enum_values.piston_block.PistonBlockMixin from mod lithium->@Redirect::removeAllocation()[Lnet/minecraft/class_2350; with priority 1000
[22:03:15] [main/WARN]: @Redirect conflict. Skipping mixins.redirected_fabric_1.20.1.json:net.minecraft.world.level.block.piston.PistonBaseBlockMixin from mod redirected->@Redirect::redirectDirections()[Lnet/minecraft/class_2350; with priority 10, already redirected by lithium.mixins.json:alloc.enum_values.piston_block.PistonBlockMixin from mod lithium->@Redirect::removeAllocation()[Lnet/minecraft/class_2350; with priority 1000
[22:03:15] [main/WARN]: @Redirect conflict. Skipping mixins.redirected_fabric_1.20.1.json:net.minecraft.world.level.block.RedStoneWireBlockMixin from mod redirected->@Redirect::redirectDirections()[Lnet/minecraft/class_2350; with priority 10, already redirected by lithium.mixins.json:alloc.enum_values.redstone_wire.RedstoneWireBlockMixin from mod lithium->@Redirect::removeAllocation1()[Lnet/minecraft/class_2350; with priority 1000
[22:03:15] [main/WARN]: @Redirect conflict. Skipping mixins.redirected_fabric_1.20.1.json:net.minecraft.world.level.block.RedStoneWireBlockMixin from mod redirected->@Redirect::redirectDirections()[Lnet/minecraft/class_2350; with priority 10, already redirected by lithium.mixins.json:alloc.enum_values.redstone_wire.RedstoneWireBlockMixin from mod lithium->@Redirect::removeAllocation2()[Lnet/minecraft/class_2350; with priority 1000
[22:03:16] [main/INFO]: Instancing error handler class dev.isxander.debugify.mixinplugin.DebugifyErrorHandler
[22:03:16] [main/INFO]: Instancing error handler class com.illusivesoulworks.polymorph.mixin.IntegratedMixinPlugin
[22:03:16] [main/WARN]: Mixin apply for mod necronomicon failed necronomicon-common.mixins.json:item.AnimatedItemNameMixin from mod necronomicon -> net.minecraft.class_1799: org.spongepowered.asm.mixin.injection.throwables.InvalidInjectionException Critical injection failure: @Inject annotation on getName could not find any targets matching 'getHoverName' in net/minecraft/class_1799. No refMap loaded. [handler$gea003$necronomicon$getName(Lorg/spongepowered/asm/mixin/injection/callback/CallbackInfoReturnable;)V -> Parse ->  -> Validate Targets]
org.spongepowered.asm.mixin.injection.throwables.InvalidInjectionException: Critical injection failure: @Inject annotation on getName could not find any targets matching 'getHoverName' in net/minecraft/class_1799. No refMap loaded. [handler$gea003$necronomicon$getName(Lorg/spongepowered/asm/mixin/injection/callback/CallbackInfoReturnable;)V -> Parse ->  -> Validate Targets]
	at org.spongepowered.asm.mixin.injection.selectors.TargetSelectors.validate(TargetSelectors.java:346) ~[sponge-mixin-0.17.0+mixin.0.8.7.jar:0.17.0+mixin.0.8.7]
	at org.spongepowered.asm.mixin.injection.struct.InjectionInfo.readAnnotation(InjectionInfo.java:369) ~[sponge-mixin-0.17.0+mixin.0.8.7.jar:0.17.0+mixin.0.8.7]
	at org.spongepowered.asm.mixin.injection.struct.InjectionInfo.<init>(InjectionInfo.java:340) ~[sponge-mixin-0.17.0+mixin.0.8.7.jar:0.17.0+mixin.0.8.7]
	at org.spongepowered.asm.mixin.injection.struct.InjectionInfo.<init>(InjectionInfo.java:331) ~[sponge-mixin-0.17.0+mixin.0.8.7.jar:0.17.0+mixin.0.8.7]
	at org.spongepowered.asm.mixin.injection.struct.CallbackInjectionInfo.<init>(CallbackInjectionInfo.java:48) ~[sponge-mixin-0.17.0+mixin.0.8.7.jar:0.17.0+mixin.0.8.7]
	at jdk.internal.reflect.DirectConstructorHandleAccessor.newInstance(DirectConstructorHandleAccessor.java:62) ~[?:?]
	at java.lang.reflect.Constructor.newInstanceWithCaller(Constructor.java:502) ~[?:?]
	at java.lang.reflect.Constructor.newInstance(Constructor.java:486) ~[?:?]
	at org.spongepowered.asm.mixin.injection.struct.InjectionInfo$InjectorEntry.create(InjectionInfo.java:196) ~[sponge-mixin-0.17.0+mixin.0.8.7.jar:0.17.0+mixin.0.8.7]
	at org.spongepowered.asm.mixin.injection.struct.InjectionInfo.parse(InjectionInfo.java:664) ~[sponge-mixin-0.17.0+mixin.0.8.7.jar:0.17.0+mixin.0.8.7]
	at org.spongepowered.asm.mixin.transformer.MixinTargetContext.prepareInjections(MixinTargetContext.java:1396) ~[sponge-mixin-0.17.0+mixin.0.8.7.jar:0.17.0+mixin.0.8.7]
	at org.spongepowered.asm.mixin.transformer.MixinApplicatorStandard.prepareInjections(MixinApplicatorStandard.java:731) ~[sponge-mixin-0.17.0+mixin.0.8.7.jar:0.17.0+mixin.0.8.7]
	at org.spongepowered.asm.mixin.transformer.MixinApplicatorStandard.applyMixin(MixinApplicatorStandard.java:315) ~[sponge-mixin-0.17.0+mixin.0.8.7.jar:0.17.0+mixin.0.8.7]
	at org.spongepowered.asm.mixin.transformer.MixinApplicatorStandard.apply(MixinApplicatorStandard.java:246) ~[sponge-mixin-0.17.0+mixin.0.8.7.jar:0.17.0+mixin.0.8.7]
	at org.spongepowered.asm.mixin.transformer.TargetClassContext.apply(TargetClassContext.java:437) ~[sponge-mixin-0.17.0+mixin.0.8.7.jar:0.17.0+mixin.0.8.7]
	at org.spongepowered.asm.mixin.transformer.TargetClassContext.applyMixins(TargetClassContext.java:418) ~[sponge-mixin-0.17.0+mixin.0.8.7.jar:0.17.0+mixin.0.8.7]
	at org.spongepowered.asm.mixin.transformer.MixinProcessor.applyMixins(MixinProcessor.java:352) ~[sponge-mixin-0.17.0+mixin.0.8.7.jar:0.17.0+mixin.0.8.7]
	at org.spongepowered.asm.mixin.transformer.MixinTransformer.transformClass(MixinTransformer.java:237) ~[sponge-mixin-0.17.0+mixin.0.8.7.jar:0.17.0+mixin.0.8.7]
	at org.spongepowered.asm.mixin.transformer.MixinTransformer.transformClassBytes(MixinTransformer.java:202) ~[sponge-mixin-0.17.0+mixin.0.8.7.jar:0.17.0+mixin.0.8.7]
	at net.fabricmc.loader.impl.launch.knot.KnotClassDelegate.getPostMixinClassByteArray(KnotClassDelegate.java:435) ~[fabric-loader-0.18.4.jar:?]
	at net.fabricmc.loader.impl.launch.knot.KnotClassDelegate.tryLoadClass(KnotClassDelegate.java:336) ~[fabric-loader-0.18.4.jar:?]
	at net.fabricmc.loader.impl.launch.knot.KnotClassDelegate.loadClass(KnotClassDelegate.java:231) ~[fabric-loader-0.18.4.jar:?]
	at net.fabricmc.loader.impl.launch.knot.KnotClassLoader.loadClass(KnotClassLoader.java:119) ~[fabric-loader-0.18.4.jar:?]
	at java.lang.ClassLoader.loadClass(ClassLoader.java:526) ~[?:?]
	at net.minecraft.class_5620.method_32211(class_5620.java:39) ~[server-intermediary.jar:?]
	at net.minecraft.class_156.method_654(class_156.java:436) ~[server-intermediary.jar:?]
	at net.minecraft.class_5620.method_32206(class_5620.java:39) ~[server-intermediary.jar:?]
	at net.minecraft.class_5620.<clinit>(class_5620.java:33) ~[server-intermediary.jar:?]
	at net.minecraft.class_5546.<init>(class_5546.java:17) ~[server-intermediary.jar:?]
	at net.minecraft.class_2246.<clinit>(class_2246.java:477) ~[server-intermediary.jar:?]
	at net.minecraft.class_2358.method_10199(class_2358.java:326) ~[server-intermediary.jar:?]
	at net.minecraft.class_2966.method_12851(class_2966.java:54) ~[server-intermediary.jar:?]
	at net.minecraft.server.Main.main(Main.java:109) ~[server-intermediary.jar:?]
	at net.fabricmc.loader.impl.game.minecraft.MinecraftGameProvider.launch(MinecraftGameProvider.java:514) ~[fabric-loader-0.18.4.jar:?]
	at net.fabricmc.loader.impl.launch.knot.Knot.launch(Knot.java:72) ~[fabric-loader-0.18.4.jar:?]
	at net.fabricmc.loader.impl.launch.knot.KnotServer.main(KnotServer.java:23) ~[fabric-loader-0.18.4.jar:?]
	at net.fabricmc.loader.impl.launch.server.FabricServerLauncher.main(FabricServerLauncher.java:69) ~[fabric-loader-0.18.4.jar:?]
	at net.fabricmc.installer.ServerLauncher.main(ServerLauncher.java:69) ~[fabric-server-launch.jar:1.0.1]
[22:03:17] [main/WARN]: Method overwrite conflict for method_7844 in ranged_weapon_api.mixins.json:item.RangedWeaponItemMixin from mod ranged_weapon_api, previously written by net.projectile_damage.mixin.RangedWeaponItemMixin. Skipping method.
[22:03:17] [main/WARN]: Injection warning: LVT in net/minecraft/class_1774::method_7884(Lnet/minecraft/class_1838;)Lnet/minecraft/class_1269; has incompatible changes at opcode 124 in callback dragonfight.mixins.json:dragon.EndCrystalItemMixin from mod dragonfight->@Inject::onAddCrystal(Lnet/minecraft/class_1838;Lorg/spongepowered/asm/mixin/injection/callback/CallbackInfoReturnable;Lnet/minecraft/class_1937;Lnet/minecraft/class_2338;Lnet/minecraft/class_2680;Lnet/minecraft/class_2338;DDDLjava/util/List;Lnet/minecraft/class_1511;)V.
 Expected: [Lnet/minecraft/class_1937;, Lnet/minecraft/class_2338;, Lnet/minecraft/class_2680;, Lnet/minecraft/class_2338;, D, D, D, Ljava/util/List;, Lnet/minecraft/class_1511;]
    Found: [Lnet/minecraft/class_1937;, Lnet/minecraft/class_2338;, Lnet/minecraft/class_2338;, D, D, D, Lnet/minecraft/class_1511;]
Available: [Lnet/minecraft/class_1937;, Lnet/minecraft/class_2338;, Lnet/minecraft/class_2338;, D, D, D, Lnet/minecraft/class_1511;]
[22:03:19] [main/INFO]: Mixing server.MixinServerGamePacketListenerImpl from mixins/common/nochatreports.mixins.json into net.minecraft.class_3244
[22:03:19] [main/WARN]: @ModifyConstant conflict. Skipping packetfixer.v1_19_3.fabric.mixins.json:v1_19_3_fabric.ServerGamePacketListenerImplMixin from mod packetfixer->@ModifyConstant::packetfixer$tick$1(J)J with priority 1000, already redirected by connectivity.mixins.json:ServerPlayNetHandlerMixin from mod connectivity->@ModifyConstant::playTimeout(J)J with priority 1001
[22:03:19] [main/WARN]: @Inject(@At("INVOKE")) Shift.BY=2 on accessories-common.mixins.json:NbtCompoundMixin from mod accessories::handler$zfo000$accessories$adjustCheckForListVariants exceeds the maximum allowed value: 0. Increase the value of maxShiftBy to suppress this warning.
[22:03:19] [main/INFO]: [Kibe] Creating Trinket AbilityRing for minecraft:mayfly
[22:03:19] [main/INFO]: [Kibe] Creating Trinket AbilityRing for kibe:magma_ability
[22:03:19] [main/INFO]: [Kibe] Creating Trinket AbilityRing for kibe:water_ability
[22:03:19] [main/INFO]: [Kibe] Trying to read config file...
[22:03:19] [main/INFO]: [Kibe] A config file was found, loading it..
[22:03:19] [main/INFO]: [Kibe] Successfully loaded config file.
[22:03:20] [main/WARN]: Static binding violation: PRIVATE @Overwrite method method_21740 in modernfix-common.mixins.json:perf.remove_biome_temperature_cache.BiomeMixin from mod modernfix cannot reduce visibiliy of PUBLIC target method, visibility will be upgraded.
[22:03:20] [main/WARN]: Method overwrite conflict for method_21740 in modernfix-common.mixins.json:perf.remove_biome_temperature_cache.BiomeMixin from mod modernfix, previously written by me.jellysquid.mods.lithium.mixin.world.temperature_cache.BiomeMixin. Skipping method.
[22:03:21] [main/INFO]: Vanilla bootstrap took 7294 milliseconds
[22:03:21] [main/INFO]: [bclib] Added Config betternether.main to auto sync (file hash)
[22:03:21] [main/INFO]: [bclib] Added Config betternether.generator to auto sync (file hash)
[22:03:21] [main/INFO]: [bclib] Added Config betternether.blocks to auto sync (file hash)
[22:03:21] [main/INFO]: [bclib] Added Config betternether.items to auto sync (file hash)
[22:03:21] [main/INFO]: [bclib] Added Config betternether.biomes to auto sync (file hash)
[22:03:21] [main/INFO]: [bclib] Added Config betternether.mobs to auto sync (file hash)
[22:03:21] [main/INFO]: [bclib] Added Config betternether.recipes to auto sync (file hash)
[22:03:22] [main/WARN]: [bclib] Recipe betternether:bone_block_bone_button only takes in a single item and should be shapeless
[22:03:22] [main/ERROR]: Entity eldritch_end:ominous_eye has no attributes
[22:03:22] [main/ERROR]: Entity eldritch_end:aberration has no attributes
[22:03:22] [main/ERROR]: Entity eldritch_end:tentacle has no attributes
[22:03:22] [main/ERROR]: Entity eldritch_end:undead_tentacle has no attributes
[22:03:22] [main/ERROR]: Entity eldritch_end:dendler has no attributes
[22:03:22] [main/ERROR]: Entity eldritch_end:the_faceless has no attributes
[22:03:22] [main/INFO]: Registering C2S receiver with id aaa_particles:main/2b101225a0983c178c43c737d76def52
[22:03:22] [main/INFO]: Registering C2S receiver with id aaa_particles:main/878ba3ad853235668eff51eb0a40c900
[22:03:22] [main/INFO]: Registering C2S receiver with id aaa_particles:main/878ba3ad853235668eff51eb0a40c900
[22:03:22] [main/INFO]: Registering C2S receiver with id aaa_particles:main/9b5bc39f00d53db2acf81d859b596583
[22:03:22] [main/INFO]: Registered Trinkets Reloaded Listeners
[22:03:24] [main/INFO]: Initializing platform helper for Advanced Netherite!
[22:03:24] [main/WARN]: @ModifyConstant conflict. Skipping packetfixer.v1_19_3.fabric.mixins.json:v1_19_3_fabric.ServerLoginPacketListenerImplMixin from mod packetfixer->@ModifyConstant::packetfixer$tick(I)I with priority 1000, already redirected by connectivity.mixins.json:ServerLoginNetHandlerMixin from mod connectivity->@ModifyConstant::loginTimeout(I)I with priority 1001
[22:03:24] [main/INFO]: [AllTheTrims] Config loaded
[22:03:24] [main/INFO]: Loaded config amendments-common.json
[22:03:24] [main/INFO]: [Animal Feeding Trough] Load Complete! Enjoy :D
[22:03:25] [main/INFO]: [AqUpd's mobs] Caracal mod is loaded!
[22:03:25] [main/INFO]: Registering Mod Items for archers_expansion
[22:03:25] [main/INFO]: Registering Item Groups for archers_expansion
[22:03:25] [main/INFO]: Registering C2S receiver with id artifacts:networking_channel/42a7ad70b1cc371599a0eff744096b8a
[22:03:25] [main/INFO]: Registering C2S receiver with id artifacts:networking_channel/74a5e841822a3a87854ae896a33430d6
[22:03:25] [main/INFO]: Registering C2S receiver with id artifacts:networking_channel/eb3d1e2748533430848cadf0f37c7e9c
[22:03:25] [main/INFO]: Registering C2S receiver with id artifacts:networking_channel/91c8520f19f93b3e8b6a727568e194ab
[22:03:25] [main/INFO]: Registering C2S receiver with id artifacts:networking_channel/8c2784d778293fd482ed84b8aa5fedb9
[22:03:25] [main/INFO]: Registering C2S receiver with id artifacts:networking_channel/ea038224ea783d40b2863f52239e2604
[22:03:25] [main/INFO]: Registering C2S receiver with id artifacts:networking_channel/97ad64b7ecaf33209991c4f031501a58
[22:03:25] [main/INFO]: Registered azurelib config for auto-sync function
[22:03:25] [main/INFO]: Constructing common components for barteringstation:main
[22:03:25] [main/INFO]: Better Compatibility Checker starting
[22:03:25] [main/INFO]: Loading config file
[22:03:25] [main/INFO]: Config file loaded
[22:03:25] [main/INFO]: [bclib] Added Config bclib.generator to auto sync (file hash)
[22:03:25] [main/INFO]: [bclib] Added Config bclib.main to auto sync (content diff)
[22:03:25] [main/INFO]: [bclib] Added Config bclib.biomes to auto sync (file hash)
[22:03:25] [main/INFO]: Better Archeology says Hello
[22:03:25] [main/INFO]: Registering Items from betterarcheology
[22:03:25] [main/INFO]: Registering Blocks from betterarcheology
[22:03:25] [main/INFO]: ModEntityTypes of betterarcheology registered.
[22:03:25] [main/INFO]: Registering JEI Recipe Serializers for betterarcheology
[22:03:25] [main/INFO]: Registering Enchantments for betterarcheology
[22:03:25] [main/WARN]: @ModifyConstant conflict. Skipping xlpackets.mixins.json:ClientboundCustomPayloadPacketMixin from mod thiccpackets->@ModifyConstant::xlPackets(I)I with priority 1000, already redirected by packetfixer.v1_19_3.fabric.mixins.json:v1_19_3_fabric.ClientboundCustomPayloadPacketMixin from mod packetfixer->@ModifyConstant::packetfixer$newSize(I)I with priority 1000
[22:03:25] [main/WARN]: @ModifyConstant conflict. Skipping xlpackets.mixins.json:ClientboundCustomPayloadPacketMixin from mod thiccpackets->@ModifyConstant::xlPackets(I)I with priority 1000, already redirected by packetfixer.v1_19_3.fabric.mixins.json:v1_19_3_fabric.ClientboundCustomPayloadPacketMixin from mod packetfixer->@ModifyConstant::packetfixer$newSize(I)I with priority 1000
[22:03:25] [main/WARN]: @ModifyConstant conflict. Skipping connectivity.mixins.json:ClientboundCustomPayloadPacketMixin from mod connectivity->@ModifyConstant::modifyLimit(I)I with priority 1, already redirected by packetfixer.v1_19_3.fabric.mixins.json:v1_19_3_fabric.ClientboundCustomPayloadPacketMixin from mod packetfixer->@ModifyConstant::packetfixer$newSize(I)I with priority 1000
[22:03:25] [main/INFO]: Reflections took 48 ms to scan 1 urls, producing 1 keys and 2 values
[22:03:25] [main/INFO]: Reflections took 2 ms to scan 1 urls, producing 1 keys and 2 values
[22:03:25] [main/INFO]: Reflections took 3 ms to scan 1 urls, producing 1 keys and 3 values
[22:03:25] [main/INFO]: Reflections took 3 ms to scan 1 urls, producing 1 keys and 3 values
[22:03:26] [main/INFO]: [bclib] Added Config betterend.entities to auto sync (file hash)
[22:03:26] [main/INFO]: [bclib] Added Config betterend.blocks to auto sync (file hash)
[22:03:26] [main/INFO]: [bclib] Added Config betterend.items to auto sync (file hash)
[22:03:26] [main/INFO]: [bclib] Added Config betterend.biomes to auto sync (file hash)
[22:03:26] [main/INFO]: [bclib] Added Config betterend.recipes to auto sync (file hash)
[22:03:26] [main/INFO]: [bclib] Added Config betterend.enchantments to auto sync (file hash)
[22:03:26] [main/INFO]: Hello Fabric world!
[22:03:26] [main/INFO]: Reflections took 2 ms to scan 1 urls, producing 1 keys and 2 values
[22:03:26] [main/INFO]: Reflections took 1 ms to scan 1 urls, producing 1 keys and 2 values
[22:03:26] [main/INFO]: Reflections took 1 ms to scan 1 urls, producing 1 keys and 1 values
[22:03:26] [main/INFO]: Reflections took 1 ms to scan 1 urls, producing 1 keys and 1 values
[22:03:26] [main/INFO]: Reflections took 2 ms to scan 1 urls, producing 1 keys and 3 values
[22:03:26] [main/INFO]: Reflections took 2 ms to scan 1 urls, producing 1 keys and 3 values
[22:03:26] [main/INFO]: Reflections took 1 ms to scan 1 urls, producing 1 keys and 2 values
[22:03:26] [main/INFO]: Reflections took 1 ms to scan 1 urls, producing 1 keys and 2 values
[22:03:26] [main/INFO]: [betternether] =^..^=    BetterNether for 1.20    =^..^=
[22:03:26] [main/WARN]: @Redirect conflict. Skipping mixins.redirected_fabric_1.20.1.json:net.minecraft.world.level.block.state.CacheMixin from mod redirected->@Redirect::redirectSupportTypes()[Lnet/minecraft/class_5431; with priority 10, already redirected by modernfix-common.mixins.json:perf.cache_blockstate_cache_arrays.AbstractBlockStateCacheMixin from mod modernfix->@Redirect::getVoxelShapeValues()[Lnet/minecraft/class_5431; with priority 1000
[22:03:26] [main/INFO]: Reflections took 1 ms to scan 1 urls, producing 1 keys and 1 values
[22:03:26] [main/INFO]: Reflections took 1 ms to scan 1 urls, producing 1 keys and 1 values
[22:03:26] [main/INFO]: Reflections took 2 ms to scan 1 urls, producing 1 keys and 2 values
[22:03:26] [main/INFO]: Reflections took 2 ms to scan 1 urls, producing 1 keys and 2 values
[22:03:26] [main/INFO]: Reflections took 0 ms to scan 1 urls, producing 1 keys and 1 values
[22:03:26] [main/INFO]: Reflections took 0 ms to scan 1 urls, producing 1 keys and 1 values
[22:03:27] [main/INFO]: Bewitchment Tweaks loaded - Specter Bangle now grants vanilla invisibility!
[22:03:27] [main/INFO]: Biolith is initializing...
[22:03:27] [main/INFO]: Enabling Biolith's TerraBlender compatibility layer.
[22:03:27] [main/INFO]: Constructing common components for blockrunner:main
[22:03:27] [main/INFO]: BoatBreakFix initialized
[22:03:27] [main/INFO]: Fixing MC-151457. Crafting remainder for minecraft:pufferfish_bucket is now minecraft:bucket.
[22:03:27] [main/INFO]: Fixing MC-151457. Crafting remainder for minecraft:salmon_bucket is now minecraft:bucket.
[22:03:27] [main/INFO]: Fixing MC-151457. Crafting remainder for minecraft:cod_bucket is now minecraft:bucket.
[22:03:27] [main/INFO]: Fixing MC-151457. Crafting remainder for minecraft:tropical_fish_bucket is now minecraft:bucket.
[22:03:27] [main/INFO]: Fixing MC-151457. Crafting remainder for minecraft:axolotl_bucket is now minecraft:bucket.
[22:03:27] [main/INFO]: Fixing MC-151457. Crafting remainder for minecraft:powder_snow_bucket is now minecraft:bucket.
[22:03:27] [main/INFO]: Fixing MC-151457. Crafting remainder for minecraft:tadpole_bucket is now minecraft:bucket.
[22:03:27] [main/INFO]: Registering C2S receiver with id brewery:alcohol_sync_request
[22:03:27] [main/INFO]: Registering C2S receiver with id brewery:drink_alcohol
[22:03:27] [main/INFO]: [STDOUT]: All 10 have been set properly
[22:03:28] [main/INFO]: Loading Collective version 8.13.
[22:03:28] [main/WARN]: Flywheel is not installed, Colorwheel will be disabled
[22:03:28] [main/INFO]: File exists, reading config for elocindev.combat_effects.config.entries.MainConfig.
[22:03:28] [main/INFO]: Config for elocindev.combat_effects.config.entries.MainConfig read successfully.
[22:03:28] [main/INFO]: Initialized entity types.
[22:03:28] [main/INFO]: Connectivity initialized
[22:03:28] [Cicada thread 0/INFO]: 'I AM THE EGGEST OF THEM ALL' - Louise_DS (she/her)
[22:03:28] [main/INFO]: fabric loader environment detected
[22:03:28] [main/INFO]: Create 6.0.8.1 initializing!
[22:03:30] [main/INFO]: Hello 1.20.1 Create!
[22:03:30] [main/WARN]: dev/engine_room/flywheel/lib/model/baked/PartialModel
[22:03:30] [main/INFO]: File exists, reading config for elocindev.create_questing.fabric.config.ConfigEntries.
[22:03:30] [main/INFO]: Config for elocindev.create_questing.fabric.config.ConfigEntries read successfully.
[22:03:30] [main/INFO]: Loaded Create Questing Config
[22:03:30] [main/WARN]: Tried to register an overly high cookTime: 57600 > 32767! (air)
[22:03:30] [main/INFO]: [STDOUT]: Create Crafts & Additions Initialized!
[22:03:30] [main/INFO]: Creating default config file: croptopia_v3.conf
[22:03:30] [main/INFO]: Loaded config for: cupboard.json
[22:03:30] [main/INFO]: File exists, reading config for elocindev.customentityattributes.config.CEABasicConfig.
[22:03:30] [main/INFO]: Config for elocindev.customentityattributes.config.CEABasicConfig read successfully.
[22:03:30] [main/INFO]: File exists, reading config for elocindev.customentityattributes.config.CEAAdvancedConfig.
[22:03:30] [main/INFO]: Config for elocindev.customentityattributes.config.CEAAdvancedConfig read successfully.
[22:03:30] [main/INFO]: File exists, reading config for elocindev.customitemattributes.config.CIAConfig.
[22:03:30] [main/INFO]: Config for elocindev.customitemattributes.config.CIAConfig read successfully.
[22:03:30] [main/INFO]: Initializing Cynosure
[22:03:31] [main/INFO]: File exists, reading config for elocindev.deathknights.config.entries.enchants.DecayingEnchantConfig.
[22:03:31] [main/INFO]: Config for elocindev.deathknights.config.entries.enchants.DecayingEnchantConfig read successfully.
[22:03:31] [main/INFO]: File exists, reading config for elocindev.deathknights.config.entries.loot.JewelryLootConfig.
[22:03:31] [main/INFO]: Config for elocindev.deathknights.config.entries.loot.JewelryLootConfig read successfully.
[22:03:31] [main/INFO]: File exists, reading config for elocindev.deathknights.config.entries.spells.frost.ObliterateConfig.
[22:03:31] [main/INFO]: Config for elocindev.deathknights.config.entries.spells.frost.ObliterateConfig read successfully.
[22:03:31] [main/INFO]: File exists, reading config for elocindev.deathknights.config.entries.spells.frost.RemorselessWinterConfig.
[22:03:31] [main/INFO]: Config for elocindev.deathknights.config.entries.spells.frost.RemorselessWinterConfig read successfully.
[22:03:31] [main/INFO]: File exists, reading config for elocindev.deathknights.config.entries.spells.frost.BreathOfAgonyConfig.
[22:03:31] [main/INFO]: Config for elocindev.deathknights.config.entries.spells.frost.BreathOfAgonyConfig read successfully.
[22:03:31] [main/INFO]: File exists, reading config for elocindev.deathknights.config.entries.spells.unholy.PlaguesConfig.
[22:03:31] [main/INFO]: Config for elocindev.deathknights.config.entries.spells.unholy.PlaguesConfig read successfully.
[22:03:31] [main/INFO]: File exists, reading config for elocindev.deathknights.config.entries.spells.unholy.DeathCoilConfig.
[22:03:31] [main/INFO]: Config for elocindev.deathknights.config.entries.spells.unholy.DeathCoilConfig read successfully.
[22:03:31] [main/INFO]: File exists, reading config for elocindev.deathknights.config.entries.spells.unholy.EpidemicConfig.
[22:03:31] [main/INFO]: Config for elocindev.deathknights.config.entries.spells.unholy.EpidemicConfig read successfully.
[22:03:31] [main/INFO]: File exists, reading config for elocindev.deathknights.config.entries.spells.unholy.DeathGripConfig.
[22:03:31] [main/INFO]: Config for elocindev.deathknights.config.entries.spells.unholy.DeathGripConfig read successfully.
[22:03:31] [main/INFO]: File exists, reading config for elocindev.deathknights.config.entries.spells.blood.DeathStrikeConfig.
[22:03:31] [main/INFO]: Config for elocindev.deathknights.config.entries.spells.blood.DeathStrikeConfig read successfully.
[22:03:31] [main/INFO]: File exists, reading config for elocindev.deathknights.config.entries.spells.blood.MarrowrendConfig.
[22:03:31] [main/INFO]: Config for elocindev.deathknights.config.entries.spells.blood.MarrowrendConfig read successfully.
[22:03:31] [main/INFO]: File exists, reading config for elocindev.deathknights.config.entries.spells.blood.BloodBoilConfig.
[22:03:31] [main/INFO]: Config for elocindev.deathknights.config.entries.spells.blood.BloodBoilConfig read successfully.
[22:03:31] [main/INFO]: File exists, reading config for elocindev.deathknights.config.entries.spells.blood.BloodThirstConfig.
[22:03:31] [main/INFO]: Config for elocindev.deathknights.config.entries.spells.blood.BloodThirstConfig read successfully.
[22:03:31] [main/INFO]: Death Knights Config Loaded!
[22:03:31] [main/INFO]: Death Knights Initialized!
[22:03:31] [main/INFO]: Saving config because the loaded bug fixes are different to stored json.
[22:03:31] [main/INFO]: Saving Debugify
[22:03:31] [main/INFO]: Enabled 2 bug fixes: [MC-89146, MC-199467]
[22:03:31] [main/INFO]: Successfully Debugify'd your game!
[22:03:31] [main/INFO]: Bypassed Mojang DFU
[22:03:31] [main/INFO]: Instantiating Mojang DFU
[22:03:31] [main/ERROR]: No data fixer registered for crystallized_amber
[22:03:31] [main/ERROR]: No data fixer registered for sculk_jaw
[22:03:32] [main/INFO]: Derelict initializing
[22:03:32] [main/INFO]: Loaded DEUF Refabricated Config
[22:03:32] [main/INFO]: Loaded config dummmmmmy-common.json
[22:03:32] [main/WARN]: Lithium detected. MmmMmmMmmMmm scarecrow mode might not work well due to a lithium bug (the mod doesnt have a way to add goals to new entities)
[22:03:32] [main/INFO]: File exists, reading config for elocindev.eldritch_end.config.entries.biomes.PrimordialAbyssConfig.
[22:03:32] [main/INFO]: Config for elocindev.eldritch_end.config.entries.biomes.PrimordialAbyssConfig read successfully.
[22:03:32] [main/INFO]: File exists, reading config for elocindev.eldritch_end.config.entries.biomes.HasturianWastesConfig.
[22:03:32] [main/INFO]: Config for elocindev.eldritch_end.config.entries.biomes.HasturianWastesConfig read successfully.
[22:03:32] [main/INFO]: File exists, reading config for elocindev.eldritch_end.config.entries.entities.AberrationConfig.
[22:03:32] [main/INFO]: Config for elocindev.eldritch_end.config.entries.entities.AberrationConfig read successfully.
[22:03:32] [main/INFO]: File exists, reading config for elocindev.eldritch_end.config.entries.entities.TentacleConfig.
[22:03:32] [main/INFO]: Config for elocindev.eldritch_end.config.entries.entities.TentacleConfig read successfully.
[22:03:32] [main/INFO]: File exists, reading config for elocindev.eldritch_end.config.entries.entities.DendlerConfig.
[22:03:32] [main/INFO]: Config for elocindev.eldritch_end.config.entries.entities.DendlerConfig read successfully.
[22:03:32] [main/INFO]: File exists, reading config for elocindev.eldritch_end.config.entries.entities.boss.FacelessConfig.
[22:03:32] [main/INFO]: Config for elocindev.eldritch_end.config.entries.entities.boss.FacelessConfig read successfully.
[22:03:32] [main/INFO]: File exists, reading config for elocindev.eldritch_end.config.entries.entities.boss.HasturConfig.
[22:03:32] [main/INFO]: Config for elocindev.eldritch_end.config.entries.entities.boss.HasturConfig read successfully.
[22:03:32] [main/INFO]: File exists, reading config for elocindev.eldritch_end.config.entries.entities.boss.EyeConfig.
[22:03:32] [main/INFO]: Config for elocindev.eldritch_end.config.entries.entities.boss.EyeConfig read successfully.
[22:03:32] [main/INFO]: File exists, reading config for elocindev.eldritch_end.config.entries.mechanics.CorruptionConfig.
[22:03:32] [main/INFO]: Config for elocindev.eldritch_end.config.entries.mechanics.CorruptionConfig read successfully.
[22:03:32] [main/INFO]: File exists, reading config for elocindev.eldritch_end.config.entries.mechanics.InfusionConfig.
[22:03:32] [main/INFO]: Config for elocindev.eldritch_end.config.entries.mechanics.InfusionConfig read successfully.
[22:03:32] [main/INFO]: File exists, reading config for elocindev.eldritch_end.config.entries.item.XalConfig.
[22:03:32] [main/INFO]: Config for elocindev.eldritch_end.config.entries.item.XalConfig read successfully.
[22:03:32] [main/INFO]: Eldritch End's Config Loaded!
[22:03:32] [main/INFO]: Registered Eldritch End items
[22:03:33] [main/INFO]: Loaded config :emi_loot_config in 974ms
[22:03:33] [main/INFO]: Registering Item Group for ends_delight
[22:03:33] [main/INFO]: Registering Mod Blocks for ends_delight
[22:03:33] [main/INFO]: Registering Mod Features for ends_delight
[22:03:33] [main/INFO]: Injecting Estrogen into your veins!
[22:03:33] [main/INFO]: ExpandAbility here, who dis?
[22:03:33] [main/INFO]: Hello Fabric world!
[22:03:33] [main/INFO]: Look at the cleanse, look at the moves!
[22:03:33] [Placebo (FakerLib) Patreon Wing Loader/INFO]: Loading patreon wing data...
[22:03:33] [Placebo (FakerLib) Patreon Trail Loader/INFO]: Loading patreon trails data...
[22:03:33] [main/INFO]: File exists, reading config for elocindev.fancy_hotbar.config.FancyHotbarConfig.
[22:03:33] [main/INFO]: Config for elocindev.fancy_hotbar.config.FancyHotbarConfig read successfully.
[22:03:33] [Placebo (FakerLib) Patreon Trail Loader/INFO]: Loaded 33 patreon trails.
[22:03:33] [Placebo (FakerLib) Patreon Wing Loader/INFO]: Loaded 25 patreon wings.
[22:03:34] [main/INFO]: Farmer's Knives loaded!
[22:03:34] [main/INFO]: Initialized Frostiful!
[22:03:34] [main/INFO]: Registering C2S receiver with id ftblibrary:edit_nbt_response
[22:03:34] [main/INFO]: Registering C2S receiver with id ftbquests:submit_task
[22:03:34] [main/INFO]: Registering C2S receiver with id ftbquests:claim_reward
[22:03:34] [main/INFO]: Registering C2S receiver with id ftbquests:get_emergency_items
[22:03:34] [main/INFO]: Registering C2S receiver with id ftbquests:claim_all_rewards
[22:03:34] [main/INFO]: Registering C2S receiver with id ftbquests:claim_choice_reward
[22:03:34] [main/INFO]: Registering C2S receiver with id ftbquests:toggle_pinned
[22:03:34] [main/INFO]: Registering C2S receiver with id ftbquests:toggle_chapter_pinned
[22:03:34] [main/INFO]: Registering C2S receiver with id ftbquests:toggle_editing_mode
[22:03:34] [main/INFO]: Registering C2S receiver with id ftbquests:force_save
[22:03:34] [main/INFO]: Registering C2S receiver with id ftbquests:set_custom_image
[22:03:34] [main/INFO]: Registering C2S receiver with id ftbquests:task_screen_config_resp
[22:03:34] [main/INFO]: Registering C2S receiver with id ftbquests:change_progress
[22:03:34] [main/INFO]: Registering C2S receiver with id ftbquests:create_object
[22:03:34] [main/INFO]: Registering C2S receiver with id ftbquests:create_task_at
[22:03:34] [main/INFO]: Registering C2S receiver with id ftbquests:delete_object
[22:03:34] [main/INFO]: Registering C2S receiver with id ftbquests:edit_object
[22:03:34] [main/INFO]: Registering C2S receiver with id ftbquests:move_chapter
[22:03:34] [main/INFO]: Registering C2S receiver with id ftbquests:move_quest
[22:03:34] [main/INFO]: Registering C2S receiver with id ftbquests:change_chapter_group
[22:03:34] [main/INFO]: Registering C2S receiver with id ftbquests:move_chapter_group
[22:03:34] [main/INFO]: Registering C2S receiver with id ftbquests:copy_quest
[22:03:34] [main/INFO]: Registering C2S receiver with id ftbquests:copy_chapter_image
[22:03:34] [main/INFO]: Registering C2S receiver with id ftbquests:sync_structures_request
[22:03:34] [main/INFO]: Registering C2S receiver with id ftbquests:request_team_data
[22:03:34] [main/INFO]: Registering C2S receiver with id ftbteams:open_gui
[22:03:34] [main/INFO]: Registering C2S receiver with id ftbteams:update_settings
[22:03:34] [main/INFO]: Registering C2S receiver with id ftbteams:send_message
[22:03:34] [main/INFO]: Registering C2S receiver with id ftbteams:create_party
[22:03:34] [main/INFO]: Registering C2S receiver with id ftbteams:player_gui_operation
[22:03:34] [main/INFO]: Is initializing.
[22:03:34] [main/INFO]: Has successfully been initialized.
[22:03:34] [main/INFO]: Initializing Gimm1q - Mim1q's Fabric modding library!
[22:03:34] [main/WARN]: Method overwrite conflict for getRolls in emi_loot.mixins.json:LootPoolAccessor from mod emi_loot, previously written by net.fabricmc.fabric.mixin.loot.table.LootPoolMixin. Skipping method.
[22:03:34] [main/INFO]: Registered JSON trade offer adapter.
[22:03:34] [main/INFO]: Gun Scaling loaded. Gun Scaling Factor: 0.85, Potato Scaling: 2.5, MatterCannon Scaling: 4.0
[22:03:35] [main/INFO]: Industrial Revolution has initialized.
[22:03:35] [main/INFO]: Hello Fabric world!
[22:03:35] [main/INFO]: File exists, reading config for elocindev.item_obliterator.fabric_quilt.config.ConfigEntries.
[22:03:35] [main/INFO]: Config for elocindev.item_obliterator.fabric_quilt.config.ConfigEntries read successfully.
[22:03:35] [main/INFO]: Item Obliterator Config Loaded
[22:03:35] [main/INFO]: Registering C2S receiver with id itemfilters:main/14e7fa1454283aec8ae811ef844ada28
[22:03:35] [main/INFO]: Registering C2S receiver with id itemfilters:main/8f6a899247753217b9d86ab427a2b279
[22:03:35] [main/INFO]: Initializing JamLib on Fabric
[22:03:35] [main/INFO]: [KONKRETE] Successfully initialized!
[22:03:35] [main/INFO]: [KONKRETE] Server-side libs ready to use!
[22:03:35] [main/INFO]: Constructing common components for leavesbegone:main
[22:03:35] [main/INFO]: Constructing common components for magnumtorch:main
[22:03:36] [main/INFO]: Registering Blocks for mcda
[22:03:36] [main/INFO]: [MELODY] Disabling Melody since it's loaded server-side.
[22:03:36] [main/INFO]: Loaded config for: memorysettings.json
[22:03:36] [main/WARN]: You have more more memory allocated than recommended for your system, the recommended amount for your system is: 8189 mb.

[22:03:36] [main/INFO]: Definitely not up to no good
[22:03:36] [main/INFO]: [STDOUT]: All 13 have been set properly
[22:03:36] [main/INFO]: Registered mobs_of_mythology config for auto-sync function
[22:03:37] [main/INFO]: Modern Industrialization setup done!
[22:03:37] [main/INFO]: [STDOUT]: found type, is TWO
[22:03:37] [main/INFO]: [STDOUT]: [Modpack Update Checker] Loaded configuration file.
[22:03:37] [main/INFO]: Loaded config moonlight-common.json
[22:03:37] [main/INFO]: [Mythic Charms] Initializing...
[22:03:37] [main/INFO]: Registering Mod Items for more_rpg_classes
[22:03:37] [main/INFO]: Registering Item Groups for more_rpg_classes
[22:03:37] [main/INFO]: Giving mobs a fresh coat of paint...
[22:03:37] [main/INFO]: Mutant Skeleton Armor Tweaks loaded successfully!
[22:03:37] [main/INFO]: Initializing Mutant Creepers No Explody!
[22:03:37] [main/INFO]: Constructing common components for mutantmonsters:main
[22:03:37] [main/INFO]: Loading common config for mutantmonsters
[22:03:37] [Thread-9/INFO]: Reloading common config for mutantmonsters
[22:03:37] [Thread-9/INFO]: Reloading common config for mutantmonsters
[22:03:37] [main/INFO]: Registering Mythic Items for mythicupgrades
[22:03:37] [main/INFO]: Registering Mythic Blocks for mythicupgrades
[22:03:37] [main/INFO]: Registering resource pack 32x...
[22:03:37] [main/INFO]: Successfully registered resource pack 32x.
[22:03:37] [main/INFO]: Mythic Upgrades works properly! CAN, ANNENE SELAMLAR KARDESIM! <3
[22:03:37] [main/INFO]: Chase your dreams, no matter the cost. Don't wait for invitations, take action. Making a decision, starting something - that's half the battle of achieving success.
[22:03:37] [main/INFO]: Necronomicon Initialized
[22:03:37] [main/INFO]: File exists, reading config for elocindev.necronomicon.NecronomiconConfig.
[22:03:37] [main/INFO]: Config for elocindev.necronomicon.NecronomiconConfig read successfully.
[22:03:37] [main/INFO]: Constructing common components for netherchested:main
[22:03:37] [main/INFO]: Registering Items for netherdepthsupgrade
[22:03:37] [main/INFO]: Registering Blocks for netherdepthsupgrade
[22:03:37] [main/INFO]: Registering Block Entities for netherdepthsupgrade
[22:03:37] [main/INFO]: Registering tabs for netherdepthsupgrade
[22:03:37] [main/INFO]: Registering Entity Types for netherdepthsupgrade
[22:03:37] [main/INFO]: Registering Effects for netherdepthsupgrade
[22:03:37] [main/INFO]: Registering Potions for netherdepthsupgrade
[22:03:37] [main/INFO]: Registering Enchantments for netherdepthsupgrade
[22:03:37] [main/INFO]: Registering Particles for netherdepthsupgrade
[22:03:37] [main/INFO]: Registering Features for netherdepthsupgrade
[22:03:37] [main/INFO]: Registering ConfiguredFeatures for netherdepthsupgrade
[22:03:37] [main/INFO]: Registering PlacedFeatures for netherdepthsupgrade
[22:03:37] [main/INFO]: Registering Structures for netherdepthsupgrade
[22:03:37] [main/INFO]: Setting up compat for Farmers Delight
[22:03:37] [main/INFO]: KONNICHIWA ZA WARUDO!
[22:03:37] [main/INFO]: Default JVM text encoding is: UTF-8
[22:03:37] [main/INFO]: Reading config file NoChatReports/NCR-Common.json...
[22:03:37] [main/INFO]: Writing config file NoChatReports/NCR-Common.json...
[22:03:37] [main/INFO]: Registering Items for oceansdelight
[22:03:37] [main/INFO]: Registering Blocks for oceansdelight
[22:03:37] [main/INFO]: Registering tabs for oceansdelight
[22:03:37] [main/INFO]: File exists, reading config for elocindev.offhandtickfix.config.entries.OffHandTickFixConfig.
[22:03:37] [main/INFO]: Config for elocindev.offhandtickfix.config.entries.OffHandTickFixConfig read successfully.
[22:03:37] [main/INFO]: [STDOUT]: All 20 have been set properly
[22:03:37] [main/INFO]: File exists, reading config for elocindev.opacpvp.config.entries.OpacPvPConfig.
[22:03:37] [main/INFO]: Config for elocindev.opacpvp.config.entries.OpacPvPConfig read successfully.
[22:03:37] [main/INFO]: [STDOUT]: All 1 have been set properly
[22:03:37] [main/INFO]: Here at Wisp Forest© we employ Wisp Tech Support™ magic, which solves your problem when you ask
[22:03:37] [main/ERROR]: Failed to load book betternether:betternether_book defined by mod betternether, skipping
java.lang.IllegalArgumentException: Book betternether:betternether_book has use_resource_pack set to false. This behaviour was removed in 1.20. The book author should enable this flag and move all book contents clientside to /assets/, leaving the book.json in /data/. See https://vazkiimods.github.io/Patchouli/docs/upgrading/upgrade-guide-120 for details.
	at vazkii.patchouli.common.book.Book.<init>(Book.java:145) ~[Patchouli-1.20.1-84-FABRIC.jar:?]
	at vazkii.patchouli.common.book.BookRegistry.loadBook(BookRegistry.java:90) ~[Patchouli-1.20.1-84-FABRIC.jar:?]
	at vazkii.patchouli.common.book.BookRegistry.lambda$init$3(BookRegistry.java:75) ~[Patchouli-1.20.1-84-FABRIC.jar:?]
	at java.util.HashMap.forEach(HashMap.java:1429) ~[?:?]
	at vazkii.patchouli.common.book.BookRegistry.init(BookRegistry.java:70) ~[Patchouli-1.20.1-84-FABRIC.jar:?]
	at vazkii.patchouli.fabric.common.FabricModInitializer.onInitialize(FabricModInitializer.java:33) ~[Patchouli-1.20.1-84-FABRIC.jar:?]
	at net.fabricmc.loader.impl.FabricLoaderImpl.invokeEntrypoints(FabricLoaderImpl.java:405) ~[fabric-loader-0.18.4.jar:?]
	at net.fabricmc.loader.impl.game.minecraft.Hooks.startServer(Hooks.java:63) ~[fabric-loader-0.18.4.jar:?]
	at net.minecraft.server.Main.main(Main.java:112) ~[server-intermediary.jar:?]
	at net.fabricmc.loader.impl.game.minecraft.MinecraftGameProvider.launch(MinecraftGameProvider.java:514) ~[fabric-loader-0.18.4.jar:?]
	at net.fabricmc.loader.impl.launch.knot.Knot.launch(Knot.java:72) ~[fabric-loader-0.18.4.jar:?]
	at net.fabricmc.loader.impl.launch.knot.KnotServer.main(KnotServer.java:23) ~[fabric-loader-0.18.4.jar:?]
	at net.fabricmc.loader.impl.launch.server.FabricServerLauncher.main(FabricServerLauncher.java:69) ~[fabric-loader-0.18.4.jar:?]
	at net.fabricmc.installer.ServerLauncher.main(ServerLauncher.java:69) ~[fabric-server-launch.jar:1.0.1]
[22:03:38] [main/INFO]: [Ping-Wheel] Init
[22:03:38] [main/INFO]: [Ping-Wheel] Loaded ServerConfig(defaultChannelMode=auto, playerTrackingEnabled=true, msToRegenerate=1000, rateLimit=5)
[22:03:38] [main/INFO]: Registering C2S receiver with id powah:packet
[22:03:38] [main/INFO]: File exists, reading config for elocindev.prominent.config.ServerConfig.
[22:03:38] [main/INFO]: Config for elocindev.prominent.config.ServerConfig read successfully.
[22:03:38] [main/INFO]: File exists, reading config for elocindev.prominent.config.BossLevels.
[22:03:38] [main/INFO]: Config for elocindev.prominent.config.BossLevels read successfully.
[22:03:38] [main/INFO]: File exists, reading config for elocindev.prominent.config.ItemLevels.
[22:03:38] [main/INFO]: Config for elocindev.prominent.config.ItemLevels read successfully.
[22:03:38] [main/INFO]: Registered Prominent Sounds
[22:03:38] [main/INFO]: Registered Prominent Items
[22:03:38] [main/INFO]: Loaded Prominent Config
[22:03:38] [main/INFO]: Registered Prominent Sounds
[22:03:38] [main/INFO]: Registered Prominent Items
[22:03:38] [main/INFO]: File exists, reading config for elocindev.prominent_talents.config.Config.
[22:03:38] [main/INFO]: Config for elocindev.prominent_talents.config.Config read successfully.
[22:03:38] [main/INFO]: Registered Prominent Talents Sounds
[22:03:38] [main/INFO]: Constructing common components for puzzlesapi:iteminteractions
[22:03:38] [main/INFO]: Constructing common components for puzzlesapi:slotcycling
[22:03:38] [main/INFO]: Constructing common components for puzzlesapi:limitlesscontainers
[22:03:38] [main/INFO]: Constructing common components for puzzlesapi:statues
[22:03:38] [main/INFO]: Constructing common components for puzzleslib:main
[22:03:38] [main/INFO]: Steam 'n' Rails v1.7.2 initializing! Commit hash: 7c1a21e3a4edbd6b5f1301f82a8bfbeb5fdb1444 on Create version: 6.0.8.1 on platform: Fabric
[22:03:38] [main/INFO]: Registered bogey styles from railways
[22:03:38] [main/INFO]: Registering data fixers
[22:03:38] [main/INFO]: 0 Datafixer optimizations took 0 milliseconds
[22:03:38] [main/INFO]: Found existing entry for create:track_signal in minecraft:block_entity_type
[22:03:38] [main/INFO]: Registering callback for railways:track_signal_source in create:display_source
[22:03:38] [main/INFO]: Found existing entry for create:copycat in minecraft:block_entity_type
[22:03:38] [main/INFO]: Registering callback for railways:conductor_vent in minecraft:block
[22:03:38] [main/INFO]: Found existing entry for create:flywheel in minecraft:block_entity_type
[22:03:38] [main/INFO]: Registering callback for railways:locometal_flywheel in minecraft:block
[22:03:38] [main/INFO]: Found existing entry for create:sliding_door in minecraft:block_entity_type
[22:03:38] [main/INFO]: Registering callback for railways:sliding_locometal_door in minecraft:block
[22:03:38] [main/INFO]: Found existing entry for create:sliding_door in minecraft:block_entity_type
[22:03:38] [main/INFO]: Registering callback for railways:folding_locometal_door in minecraft:block
[22:03:38] [main/INFO]: Found existing entry for create:flywheel in minecraft:block_entity_type
[22:03:38] [main/INFO]: Registering callback for railways:brown_locometal_flywheel in minecraft:block
[22:03:38] [main/INFO]: Found existing entry for create:sliding_door in minecraft:block_entity_type
[22:03:38] [main/INFO]: Registering callback for railways:brown_sliding_locometal_door in minecraft:block
[22:03:38] [main/INFO]: Found existing entry for create:sliding_door in minecraft:block_entity_type
[22:03:38] [main/INFO]: Registering callback for railways:brown_folding_locometal_door in minecraft:block
[22:03:38] [main/INFO]: Found existing entry for create:flywheel in minecraft:block_entity_type
[22:03:38] [main/INFO]: Registering callback for railways:maroon_locometal_flywheel in minecraft:block
[22:03:38] [main/INFO]: Found existing entry for create:sliding_door in minecraft:block_entity_type
[22:03:38] [main/INFO]: Registering callback for railways:maroon_sliding_locometal_door in minecraft:block
[22:03:38] [main/INFO]: Found existing entry for create:sliding_door in minecraft:block_entity_type
[22:03:38] [main/INFO]: Registering callback for railways:maroon_folding_locometal_door in minecraft:block
[22:03:38] [main/INFO]: Found existing entry for create:flywheel in minecraft:block_entity_type
[22:03:38] [main/INFO]: Registering callback for railways:red_locometal_flywheel in minecraft:block
[22:03:38] [main/INFO]: Found existing entry for create:sliding_door in minecraft:block_entity_type
[22:03:38] [main/INFO]: Registering callback for railways:red_sliding_locometal_door in minecraft:block
[22:03:38] [main/INFO]: Found existing entry for create:sliding_door in minecraft:block_entity_type
[22:03:38] [main/INFO]: Registering callback for railways:red_folding_locometal_door in minecraft:block
[22:03:38] [main/INFO]: Found existing entry for create:flywheel in minecraft:block_entity_type
[22:03:38] [main/INFO]: Registering callback for railways:vermilion_locometal_flywheel in minecraft:block
[22:03:38] [main/INFO]: Found existing entry for create:sliding_door in minecraft:block_entity_type
[22:03:38] [main/INFO]: Registering callback for railways:vermilion_sliding_locometal_door in minecraft:block
[22:03:38] [main/INFO]: Found existing entry for create:sliding_door in minecraft:block_entity_type
[22:03:38] [main/INFO]: Registering callback for railways:vermilion_folding_locometal_door in minecraft:block
[22:03:38] [main/INFO]: Found existing entry for create:flywheel in minecraft:block_entity_type
[22:03:38] [main/INFO]: Registering callback for railways:orange_locometal_flywheel in minecraft:block
[22:03:38] [main/INFO]: Found existing entry for create:sliding_door in minecraft:block_entity_type
[22:03:38] [main/INFO]: Registering callback for railways:orange_sliding_locometal_door in minecraft:block
[22:03:38] [main/INFO]: Found existing entry for create:sliding_door in minecraft:block_entity_type
[22:03:38] [main/INFO]: Registering callback for railways:orange_folding_locometal_door in minecraft:block
[22:03:38] [main/INFO]: Found existing entry for create:flywheel in minecraft:block_entity_type
[22:03:38] [main/INFO]: Registering callback for railways:granite_locometal_flywheel in minecraft:block
[22:03:38] [main/INFO]: Found existing entry for create:sliding_door in minecraft:block_entity_type
[22:03:38] [main/INFO]: Registering callback for railways:granite_sliding_locometal_door in minecraft:block
[22:03:38] [main/INFO]: Found existing entry for create:sliding_door in minecraft:block_entity_type
[22:03:38] [main/INFO]: Registering callback for railways:granite_folding_locometal_door in minecraft:block
[22:03:38] [main/INFO]: Found existing entry for create:flywheel in minecraft:block_entity_type
[22:03:38] [main/INFO]: Registering callback for railways:dripstone_locometal_flywheel in minecraft:block
[22:03:38] [main/INFO]: Found existing entry for create:sliding_door in minecraft:block_entity_type
[22:03:38] [main/INFO]: Registering callback for railways:dripstone_sliding_locometal_door in minecraft:block
[22:03:38] [main/INFO]: Found existing entry for create:sliding_door in minecraft:block_entity_type
[22:03:38] [main/INFO]: Registering callback for railways:dripstone_folding_locometal_door in minecraft:block
[22:03:38] [main/INFO]: Found existing entry for create:flywheel in minecraft:block_entity_type
[22:03:38] [main/INFO]: Registering callback for railways:ochrum_locometal_flywheel in minecraft:block
[22:03:38] [main/INFO]: Found existing entry for create:sliding_door in minecraft:block_entity_type
[22:03:38] [main/INFO]: Registering callback for railways:ochrum_sliding_locometal_door in minecraft:block
[22:03:38] [main/INFO]: Found existing entry for create:sliding_door in minecraft:block_entity_type
[22:03:38] [main/INFO]: Registering callback for railways:ochrum_folding_locometal_door in minecraft:block
[22:03:38] [main/INFO]: Found existing entry for create:flywheel in minecraft:block_entity_type
[22:03:38] [main/INFO]: Registering callback for railways:yellow_locometal_flywheel in minecraft:block
[22:03:38] [main/INFO]: Found existing entry for create:sliding_door in minecraft:block_entity_type
[22:03:38] [main/INFO]: Registering callback for railways:yellow_sliding_locometal_door in minecraft:block
[22:03:38] [main/INFO]: Found existing entry for create:sliding_door in minecraft:block_entity_type
[22:03:38] [main/INFO]: Registering callback for railways:yellow_folding_locometal_door in minecraft:block
[22:03:38] [main/INFO]: Found existing entry for create:flywheel in minecraft:block_entity_type
[22:03:38] [main/INFO]: Registering callback for railways:chartreuse_locometal_flywheel in minecraft:block
[22:03:38] [main/INFO]: Found existing entry for create:sliding_door in minecraft:block_entity_type
[22:03:38] [main/INFO]: Registering callback for railways:chartreuse_sliding_locometal_door in minecraft:block
[22:03:38] [main/INFO]: Found existing entry for create:sliding_door in minecraft:block_entity_type
[22:03:38] [main/INFO]: Registering callback for railways:chartreuse_folding_locometal_door in minecraft:block
[22:03:38] [main/INFO]: Found existing entry for create:flywheel in minecraft:block_entity_type
[22:03:38] [main/INFO]: Registering callback for railways:olive_green_locometal_flywheel in minecraft:block
[22:03:38] [main/INFO]: Found existing entry for create:sliding_door in minecraft:block_entity_type
[22:03:38] [main/INFO]: Registering callback for railways:olive_green_sliding_locometal_door in minecraft:block
[22:03:38] [main/INFO]: Found existing entry for create:sliding_door in minecraft:block_entity_type
[22:03:38] [main/INFO]: Registering callback for railways:olive_green_folding_locometal_door in minecraft:block
[22:03:38] [main/INFO]: Found existing entry for create:flywheel in minecraft:block_entity_type
[22:03:38] [main/INFO]: Registering callback for railways:lime_locometal_flywheel in minecraft:block
[22:03:38] [main/INFO]: Found existing entry for create:sliding_door in minecraft:block_entity_type
[22:03:38] [main/INFO]: Registering callback for railways:lime_sliding_locometal_door in minecraft:block
[22:03:38] [main/INFO]: Found existing entry for create:sliding_door in minecraft:block_entity_type
[22:03:38] [main/INFO]: Registering callback for railways:lime_folding_locometal_door in minecraft:block
[22:03:38] [main/INFO]: Found existing entry for create:flywheel in minecraft:block_entity_type
[22:03:38] [main/INFO]: Registering callback for railways:green_locometal_flywheel in minecraft:block
[22:03:38] [main/INFO]: Found existing entry for create:sliding_door in minecraft:block_entity_type
[22:03:38] [main/INFO]: Registering callback for railways:green_sliding_locometal_door in minecraft:block
[22:03:38] [main/INFO]: Found existing entry for create:sliding_door in minecraft:block_entity_type
[22:03:38] [main/INFO]: Registering callback for railways:green_folding_locometal_door in minecraft:block
[22:03:38] [main/INFO]: Found existing entry for create:flywheel in minecraft:block_entity_type
[22:03:38] [main/INFO]: Registering callback for railways:pine_green_locometal_flywheel in minecraft:block
[22:03:38] [main/INFO]: Found existing entry for create:sliding_door in minecraft:block_entity_type
[22:03:38] [main/INFO]: Registering callback for railways:pine_green_sliding_locometal_door in minecraft:block
[22:03:38] [main/INFO]: Found existing entry for create:sliding_door in minecraft:block_entity_type
[22:03:38] [main/INFO]: Registering callback for railways:pine_green_folding_locometal_door in minecraft:block
[22:03:38] [main/INFO]: Found existing entry for create:flywheel in minecraft:block_entity_type
[22:03:38] [main/INFO]: Registering callback for railways:cyan_locometal_flywheel in minecraft:block
[22:03:38] [main/INFO]: Found existing entry for create:sliding_door in minecraft:block_entity_type
[22:03:38] [main/INFO]: Registering callback for railways:cyan_sliding_locometal_door in minecraft:block
[22:03:38] [main/INFO]: Found existing entry for create:sliding_door in minecraft:block_entity_type
[22:03:38] [main/INFO]: Registering callback for railways:cyan_folding_locometal_door in minecraft:block
[22:03:38] [main/INFO]: Found existing entry for create:flywheel in minecraft:block_entity_type
[22:03:38] [main/INFO]: Registering callback for railways:sea_green_locometal_flywheel in minecraft:block
[22:03:38] [main/INFO]: Found existing entry for create:sliding_door in minecraft:block_entity_type
[22:03:38] [main/INFO]: Registering callback for railways:sea_green_sliding_locometal_door in minecraft:block
[22:03:38] [main/INFO]: Found existing entry for create:sliding_door in minecraft:block_entity_type
[22:03:38] [main/INFO]: Registering callback for railways:sea_green_folding_locometal_door in minecraft:block
[22:03:38] [main/INFO]: Found existing entry for create:flywheel in minecraft:block_entity_type
[22:03:38] [main/INFO]: Registering callback for railways:turquoise_locometal_flywheel in minecraft:block
[22:03:38] [main/INFO]: Found existing entry for create:sliding_door in minecraft:block_entity_type
[22:03:38] [main/INFO]: Registering callback for railways:turquoise_sliding_locometal_door in minecraft:block
[22:03:38] [main/INFO]: Found existing entry for create:sliding_door in minecraft:block_entity_type
[22:03:38] [main/INFO]: Registering callback for railways:turquoise_folding_locometal_door in minecraft:block
[22:03:38] [main/INFO]: Found existing entry for create:flywheel in minecraft:block_entity_type
[22:03:38] [main/INFO]: Registering callback for railways:light_blue_locometal_flywheel in minecraft:block
[22:03:38] [main/INFO]: Found existing entry for create:sliding_door in minecraft:block_entity_type
[22:03:38] [main/INFO]: Registering callback for railways:light_blue_sliding_locometal_door in minecraft:block
[22:03:38] [main/INFO]: Found existing entry for create:sliding_door in minecraft:block_entity_type
[22:03:38] [main/INFO]: Registering callback for railways:light_blue_folding_locometal_door in minecraft:block
[22:03:38] [main/INFO]: Found existing entry for create:flywheel in minecraft:block_entity_type
[22:03:38] [main/INFO]: Registering callback for railways:blue_locometal_flywheel in minecraft:block
[22:03:38] [main/INFO]: Found existing entry for create:sliding_door in minecraft:block_entity_type
[22:03:38] [main/INFO]: Registering callback for railways:blue_sliding_locometal_door in minecraft:block
[22:03:38] [main/INFO]: Found existing entry for create:sliding_door in minecraft:block_entity_type
[22:03:38] [main/INFO]: Registering callback for railways:blue_folding_locometal_door in minecraft:block
[22:03:38] [main/INFO]: Found existing entry for create:flywheel in minecraft:block_entity_type
[22:03:38] [main/INFO]: Registering callback for railways:royal_blue_locometal_flywheel in minecraft:block
[22:03:38] [main/INFO]: Found existing entry for create:sliding_door in minecraft:block_entity_type
[22:03:38] [main/INFO]: Registering callback for railways:royal_blue_sliding_locometal_door in minecraft:block
[22:03:38] [main/INFO]: Found existing entry for create:sliding_door in minecraft:block_entity_type
[22:03:38] [main/INFO]: Registering callback for railways:royal_blue_folding_locometal_door in minecraft:block
[22:03:38] [main/INFO]: Found existing entry for create:flywheel in minecraft:block_entity_type
[22:03:38] [main/INFO]: Registering callback for railways:purple_locometal_flywheel in minecraft:block
[22:03:38] [main/INFO]: Found existing entry for create:sliding_door in minecraft:block_entity_type
[22:03:38] [main/INFO]: Registering callback for railways:purple_sliding_locometal_door in minecraft:block
[22:03:38] [main/INFO]: Found existing entry for create:sliding_door in minecraft:block_entity_type
[22:03:38] [main/INFO]: Registering callback for railways:purple_folding_locometal_door in minecraft:block
[22:03:38] [main/INFO]: Found existing entry for create:flywheel in minecraft:block_entity_type
[22:03:38] [main/INFO]: Registering callback for railways:magenta_locometal_flywheel in minecraft:block
[22:03:38] [main/INFO]: Found existing entry for create:sliding_door in minecraft:block_entity_type
[22:03:38] [main/INFO]: Registering callback for railways:magenta_sliding_locometal_door in minecraft:block
[22:03:38] [main/INFO]: Found existing entry for create:sliding_door in minecraft:block_entity_type
[22:03:38] [main/INFO]: Registering callback for railways:magenta_folding_locometal_door in minecraft:block
[22:03:38] [main/INFO]: Found existing entry for create:flywheel in minecraft:block_entity_type
[22:03:38] [main/INFO]: Registering callback for railways:pink_locometal_flywheel in minecraft:block
[22:03:38] [main/INFO]: Found existing entry for create:sliding_door in minecraft:block_entity_type
[22:03:38] [main/INFO]: Registering callback for railways:pink_sliding_locometal_door in minecraft:block
[22:03:38] [main/INFO]: Found existing entry for create:sliding_door in minecraft:block_entity_type
[22:03:38] [main/INFO]: Registering callback for railways:pink_folding_locometal_door in minecraft:block
[22:03:38] [main/INFO]: Found existing entry for create:flywheel in minecraft:block_entity_type
[22:03:38] [main/INFO]: Registering callback for railways:white_locometal_flywheel in minecraft:block
[22:03:38] [main/INFO]: Found existing entry for create:sliding_door in minecraft:block_entity_type
[22:03:38] [main/INFO]: Registering callback for railways:white_sliding_locometal_door in minecraft:block
[22:03:38] [main/INFO]: Found existing entry for create:sliding_door in minecraft:block_entity_type
[22:03:38] [main/INFO]: Registering callback for railways:white_folding_locometal_door in minecraft:block
[22:03:38] [main/INFO]: Found existing entry for create:flywheel in minecraft:block_entity_type
[22:03:38] [main/INFO]: Registering callback for railways:diorite_locometal_flywheel in minecraft:block
[22:03:38] [main/INFO]: Found existing entry for create:sliding_door in minecraft:block_entity_type
[22:03:38] [main/INFO]: Registering callback for railways:diorite_sliding_locometal_door in minecraft:block
[22:03:38] [main/INFO]: Found existing entry for create:sliding_door in minecraft:block_entity_type
[22:03:38] [main/INFO]: Registering callback for railways:diorite_folding_locometal_door in minecraft:block
[22:03:38] [main/INFO]: Found existing entry for create:flywheel in minecraft:block_entity_type
[22:03:38] [main/INFO]: Registering callback for railways:limestone_locometal_flywheel in minecraft:block
[22:03:38] [main/INFO]: Found existing entry for create:sliding_door in minecraft:block_entity_type
[22:03:38] [main/INFO]: Registering callback for railways:limestone_sliding_locometal_door in minecraft:block
[22:03:38] [main/INFO]: Found existing entry for create:sliding_door in minecraft:block_entity_type
[22:03:38] [main/INFO]: Registering callback for railways:limestone_folding_locometal_door in minecraft:block
[22:03:38] [main/INFO]: Found existing entry for create:flywheel in minecraft:block_entity_type
[22:03:38] [main/INFO]: Registering callback for railways:light_gray_locometal_flywheel in minecraft:block
[22:03:38] [main/INFO]: Found existing entry for create:sliding_door in minecraft:block_entity_type
[22:03:38] [main/INFO]: Registering callback for railways:light_gray_sliding_locometal_door in minecraft:block
[22:03:38] [main/INFO]: Found existing entry for create:sliding_door in minecraft:block_entity_type
[22:03:38] [main/INFO]: Registering callback for railways:light_gray_folding_locometal_door in minecraft:block
[22:03:38] [main/INFO]: Found existing entry for create:flywheel in minecraft:block_entity_type
[22:03:38] [main/INFO]: Registering callback for railways:tuff_locometal_flywheel in minecraft:block
[22:03:38] [main/INFO]: Found existing entry for create:sliding_door in minecraft:block_entity_type
[22:03:38] [main/INFO]: Registering callback for railways:tuff_sliding_locometal_door in minecraft:block
[22:03:38] [main/INFO]: Found existing entry for create:sliding_door in minecraft:block_entity_type
[22:03:38] [main/INFO]: Registering callback for railways:tuff_folding_locometal_door in minecraft:block
[22:03:38] [main/INFO]: Found existing entry for create:flywheel in minecraft:block_entity_type
[22:03:38] [main/INFO]: Registering callback for railways:gray_locometal_flywheel in minecraft:block
[22:03:38] [main/INFO]: Found existing entry for create:sliding_door in minecraft:block_entity_type
[22:03:38] [main/INFO]: Registering callback for railways:gray_sliding_locometal_door in minecraft:block
[22:03:38] [main/INFO]: Found existing entry for create:sliding_door in minecraft:block_entity_type
[22:03:38] [main/INFO]: Registering callback for railways:gray_folding_locometal_door in minecraft:block
[22:03:38] [main/INFO]: Found existing entry for create:flywheel in minecraft:block_entity_type
[22:03:38] [main/INFO]: Registering callback for railways:scorchia_locometal_flywheel in minecraft:block
[22:03:38] [main/INFO]: Found existing entry for create:sliding_door in minecraft:block_entity_type
[22:03:38] [main/INFO]: Registering callback for railways:scorchia_sliding_locometal_door in minecraft:block
[22:03:38] [main/INFO]: Found existing entry for create:sliding_door in minecraft:block_entity_type
[22:03:38] [main/INFO]: Registering callback for railways:scorchia_folding_locometal_door in minecraft:block
[22:03:38] [main/INFO]: Found existing entry for create:flywheel in minecraft:block_entity_type
[22:03:38] [main/INFO]: Registering callback for railways:black_locometal_flywheel in minecraft:block
[22:03:38] [main/INFO]: Found existing entry for create:sliding_door in minecraft:block_entity_type
[22:03:38] [main/INFO]: Registering callback for railways:black_sliding_locometal_door in minecraft:block
[22:03:38] [main/INFO]: Found existing entry for create:sliding_door in minecraft:block_entity_type
[22:03:38] [main/INFO]: Registering callback for railways:black_folding_locometal_door in minecraft:block
[22:03:38] [main/INFO]: Registering tracks for Hex Casting
[22:03:38] [main/INFO]: Registering tracks for Oh The Biomes You'll Go
[22:03:38] [main/INFO]: Registering tracks for Blue Skies
[22:03:38] [main/INFO]: Registering tracks for Twilight Forest
[22:03:38] [main/INFO]: Registering tracks for Biomes O' Plenty
[22:03:38] [main/INFO]: Registering tracks for Nature's Spirit
[22:03:38] [main/INFO]: Registering tracks for Dreams and Desires
[22:03:38] [main/INFO]: Registering tracks for Quark
[22:03:38] [main/INFO]: Registering tracks for TerraFirmaCraft
[22:03:38] [main/INFO]: Running callback for create:copycat and railways:conductor_vent
[22:03:38] [main/INFO]: Running callback for create:flywheel and railways:locometal_flywheel
[22:03:38] [main/INFO]: Running callback for create:sliding_door and railways:sliding_locometal_door
[22:03:38] [main/INFO]: Running callback for create:sliding_door and railways:folding_locometal_door
[22:03:38] [main/INFO]: Running callback for create:flywheel and railways:brown_locometal_flywheel
[22:03:38] [main/INFO]: Running callback for create:sliding_door and railways:brown_sliding_locometal_door
[22:03:38] [main/INFO]: Running callback for create:sliding_door and railways:brown_folding_locometal_door
[22:03:38] [main/INFO]: Running callback for create:flywheel and railways:maroon_locometal_flywheel
[22:03:38] [main/INFO]: Running callback for create:sliding_door and railways:maroon_sliding_locometal_door
[22:03:38] [main/INFO]: Running callback for create:sliding_door and railways:maroon_folding_locometal_door
[22:03:38] [main/INFO]: Running callback for create:flywheel and railways:red_locometal_flywheel
[22:03:38] [main/INFO]: Running callback for create:sliding_door and railways:red_sliding_locometal_door
[22:03:38] [main/INFO]: Running callback for create:sliding_door and railways:red_folding_locometal_door
[22:03:38] [main/INFO]: Running callback for create:flywheel and railways:vermilion_locometal_flywheel
[22:03:38] [main/INFO]: Running callback for create:sliding_door and railways:vermilion_sliding_locometal_door
[22:03:38] [main/INFO]: Running callback for create:sliding_door and railways:vermilion_folding_locometal_door
[22:03:38] [main/INFO]: Running callback for create:flywheel and railways:orange_locometal_flywheel
[22:03:38] [main/INFO]: Running callback for create:sliding_door and railways:orange_sliding_locometal_door
[22:03:38] [main/INFO]: Running callback for create:sliding_door and railways:orange_folding_locometal_door
[22:03:38] [main/INFO]: Running callback for create:flywheel and railways:granite_locometal_flywheel
[22:03:38] [main/INFO]: Running callback for create:sliding_door and railways:granite_sliding_locometal_door
[22:03:38] [main/INFO]: Running callback for create:sliding_door and railways:granite_folding_locometal_door
[22:03:38] [main/INFO]: Running callback for create:flywheel and railways:dripstone_locometal_flywheel
[22:03:38] [main/INFO]: Running callback for create:sliding_door and railways:dripstone_sliding_locometal_door
[22:03:38] [main/INFO]: Running callback for create:sliding_door and railways:dripstone_folding_locometal_door
[22:03:38] [main/INFO]: Running callback for create:flywheel and railways:ochrum_locometal_flywheel
[22:03:38] [main/INFO]: Running callback for create:sliding_door and railways:ochrum_sliding_locometal_door
[22:03:38] [main/INFO]: Running callback for create:sliding_door and railways:ochrum_folding_locometal_door
[22:03:38] [main/INFO]: Running callback for create:flywheel and railways:yellow_locometal_flywheel
[22:03:38] [main/INFO]: Running callback for create:sliding_door and railways:yellow_sliding_locometal_door
[22:03:38] [main/INFO]: Running callback for create:sliding_door and railways:yellow_folding_locometal_door
[22:03:38] [main/INFO]: Running callback for create:flywheel and railways:chartreuse_locometal_flywheel
[22:03:38] [main/INFO]: Running callback for create:sliding_door and railways:chartreuse_sliding_locometal_door
[22:03:38] [main/INFO]: Running callback for create:sliding_door and railways:chartreuse_folding_locometal_door
[22:03:38] [main/INFO]: Running callback for create:flywheel and railways:olive_green_locometal_flywheel
[22:03:38] [main/INFO]: Running callback for create:sliding_door and railways:olive_green_sliding_locometal_door
[22:03:38] [main/INFO]: Running callback for create:sliding_door and railways:olive_green_folding_locometal_door
[22:03:38] [main/INFO]: Running callback for create:flywheel and railways:lime_locometal_flywheel
[22:03:38] [main/INFO]: Running callback for create:sliding_door and railways:lime_sliding_locometal_door
[22:03:38] [main/INFO]: Running callback for create:sliding_door and railways:lime_folding_locometal_door
[22:03:38] [main/INFO]: Running callback for create:flywheel and railways:green_locometal_flywheel
[22:03:38] [main/INFO]: Running callback for create:sliding_door and railways:green_sliding_locometal_door
[22:03:38] [main/INFO]: Running callback for create:sliding_door and railways:green_folding_locometal_door
[22:03:38] [main/INFO]: Running callback for create:flywheel and railways:pine_green_locometal_flywheel
[22:03:38] [main/INFO]: Running callback for create:sliding_door and railways:pine_green_sliding_locometal_door
[22:03:38] [main/INFO]: Running callback for create:sliding_door and railways:pine_green_folding_locometal_door
[22:03:38] [main/INFO]: Running callback for create:flywheel and railways:cyan_locometal_flywheel
[22:03:38] [main/INFO]: Running callback for create:sliding_door and railways:cyan_sliding_locometal_door
[22:03:38] [main/INFO]: Running callback for create:sliding_door and railways:cyan_folding_locometal_door
[22:03:38] [main/INFO]: Running callback for create:flywheel and railways:sea_green_locometal_flywheel
[22:03:38] [main/INFO]: Running callback for create:sliding_door and railways:sea_green_sliding_locometal_door
[22:03:38] [main/INFO]: Running callback for create:sliding_door and railways:sea_green_folding_locometal_door
[22:03:38] [main/INFO]: Running callback for create:flywheel and railways:turquoise_locometal_flywheel
[22:03:38] [main/INFO]: Running callback for create:sliding_door and railways:turquoise_sliding_locometal_door
[22:03:38] [main/INFO]: Running callback for create:sliding_door and railways:turquoise_folding_locometal_door
[22:03:38] [main/INFO]: Running callback for create:flywheel and railways:light_blue_locometal_flywheel
[22:03:38] [main/INFO]: Running callback for create:sliding_door and railways:light_blue_sliding_locometal_door
[22:03:38] [main/INFO]: Running callback for create:sliding_door and railways:light_blue_folding_locometal_door
[22:03:38] [main/INFO]: Running callback for create:flywheel and railways:blue_locometal_flywheel
[22:03:38] [main/INFO]: Running callback for create:sliding_door and railways:blue_sliding_locometal_door
[22:03:38] [main/INFO]: Running callback for create:sliding_door and railways:blue_folding_locometal_door
[22:03:38] [main/INFO]: Running callback for create:flywheel and railways:royal_blue_locometal_flywheel
[22:03:38] [main/INFO]: Running callback for create:sliding_door and railways:royal_blue_sliding_locometal_door
[22:03:38] [main/INFO]: Running callback for create:sliding_door and railways:royal_blue_folding_locometal_door
[22:03:38] [main/INFO]: Running callback for create:flywheel and railways:purple_locometal_flywheel
[22:03:38] [main/INFO]: Running callback for create:sliding_door and railways:purple_sliding_locometal_door
[22:03:38] [main/INFO]: Running callback for create:sliding_door and railways:purple_folding_locometal_door
[22:03:38] [main/INFO]: Running callback for create:flywheel and railways:magenta_locometal_flywheel
[22:03:38] [main/INFO]: Running callback for create:sliding_door and railways:magenta_sliding_locometal_door
[22:03:38] [main/INFO]: Running callback for create:sliding_door and railways:magenta_folding_locometal_door
[22:03:38] [main/INFO]: Running callback for create:flywheel and railways:pink_locometal_flywheel
[22:03:38] [main/INFO]: Running callback for create:sliding_door and railways:pink_sliding_locometal_door
[22:03:38] [main/INFO]: Running callback for create:sliding_door and railways:pink_folding_locometal_door
[22:03:38] [main/INFO]: Running callback for create:flywheel and railways:white_locometal_flywheel
[22:03:38] [main/INFO]: Running callback for create:sliding_door and railways:white_sliding_locometal_door
[22:03:38] [main/INFO]: Running callback for create:sliding_door and railways:white_folding_locometal_door
[22:03:38] [main/INFO]: Running callback for create:flywheel and railways:diorite_locometal_flywheel
[22:03:38] [main/INFO]: Running callback for create:sliding_door and railways:diorite_sliding_locometal_door
[22:03:38] [main/INFO]: Running callback for create:sliding_door and railways:diorite_folding_locometal_door
[22:03:38] [main/INFO]: Running callback for create:flywheel and railways:limestone_locometal_flywheel
[22:03:38] [main/INFO]: Running callback for create:sliding_door and railways:limestone_sliding_locometal_door
[22:03:38] [main/INFO]: Running callback for create:sliding_door and railways:limestone_folding_locometal_door
[22:03:38] [main/INFO]: Running callback for create:flywheel and railways:light_gray_locometal_flywheel
[22:03:38] [main/INFO]: Running callback for create:sliding_door and railways:light_gray_sliding_locometal_door
[22:03:38] [main/INFO]: Running callback for create:sliding_door and railways:light_gray_folding_locometal_door
[22:03:38] [main/INFO]: Running callback for create:flywheel and railways:tuff_locometal_flywheel
[22:03:38] [main/INFO]: Running callback for create:sliding_door and railways:tuff_sliding_locometal_door
[22:03:38] [main/INFO]: Running callback for create:sliding_door and railways:tuff_folding_locometal_door
[22:03:38] [main/INFO]: Running callback for create:flywheel and railways:gray_locometal_flywheel
[22:03:38] [main/INFO]: Running callback for create:sliding_door and railways:gray_sliding_locometal_door
[22:03:38] [main/INFO]: Running callback for create:sliding_door and railways:gray_folding_locometal_door
[22:03:38] [main/INFO]: Running callback for create:flywheel and railways:scorchia_locometal_flywheel
[22:03:38] [main/INFO]: Running callback for create:sliding_door and railways:scorchia_sliding_locometal_door
[22:03:38] [main/INFO]: Running callback for create:sliding_door and railways:scorchia_folding_locometal_door
[22:03:38] [main/INFO]: Running callback for create:flywheel and railways:black_locometal_flywheel
[22:03:38] [main/INFO]: Running callback for create:sliding_door and railways:black_sliding_locometal_door
[22:03:38] [main/INFO]: Running callback for create:sliding_door and railways:black_folding_locometal_door
[22:03:38] [main/INFO]: Running callback for create:track_signal and railways:track_signal_source
[22:03:39] [main/INFO]: Running finalizers
[22:03:39] [main/INFO]: File exists, reading config for elocindev.rebalance.config.ReBalanceConfig.
[22:03:39] [main/INFO]: Config for elocindev.rebalance.config.ReBalanceConfig read successfully.
[22:03:39] [main/INFO]: [STDOUT]: Starting recipe splitter
[22:03:39] [main/INFO]: [Regions Unexplored] generating and loading config
[22:03:39] [main/INFO]: File exists, reading config for elocindev.resistance_balancer.config.ResistanceBalancerConfig.
[22:03:39] [main/INFO]: Config for elocindev.resistance_balancer.config.ResistanceBalancerConfig read successfully.
[22:03:39] [main/INFO]: Hello Fabric world!
[22:03:39] [main/INFO]: Shield API initialized!
[22:03:39] [main/INFO]: File exists, reading config for elocin.shield_overhaul.config.server.ShieldConfig.
[22:03:39] [main/INFO]: Config for elocin.shield_overhaul.config.server.ShieldConfig read successfully.
[22:03:39] [main/INFO]: Shield Overhaul's Config Loaded!
[22:03:39] [main/INFO]: Simply Swords Battle Standard Tweaks loaded successfully!
[22:03:39] [main/INFO]: Registering Items for simplyskills
[22:03:39] [main/INFO]: Registering Entities for simplyskills
[22:03:39] [main/INFO]: Registering Eldritch End compat Items for simplyswords
[22:03:39] [main/INFO]: [STDOUT]: Copied from /data/simplyswords/safeload_recipes/eldritch_end/dreadtide.json to /data/simplyswords/recipes/eldritch_end/dreadtide.json
[22:03:39] [main/INFO]: [STDOUT]: /workspaces/chivito/servidor_minecraft/config
[22:03:39] [main/INFO]: Hello Fabric world!
[22:03:39] [main/INFO]: [Sortilege] Loading Configs for Sortilege
[22:03:40] [main/INFO]: Config initialized!
[22:03:40] [main/INFO]: Successfully initialized Geckolib!
[22:03:40] [main/INFO]: Successfully registered SoulsWeapons content!
[22:03:40] [main/INFO]: Successfully registered built-in 2D model resourcepack!
[22:03:40] [main/INFO]: Successfully registered built-in Legacy 2D Models resourcepack!
[22:03:40] [main/INFO]: Successfully registered built-in Legacy 3D Models resourcepack!
[22:03:40] [main/INFO]: Successfully registered built-in Fresh Animations Compat. resourcepack!
[22:03:40] [main/INFO]: Successfully registered built-in Szombie's Enhanced 3D GOW Weapons resourcepack!
[22:03:40] [main/INFO]: Initializing done, time taken: 356ms
[22:03:40] [main/INFO]: Spell Engine x Open Parties and Claims
[22:03:40] [main/INFO]: Hello Fabric world!
[22:03:40] [main/INFO]: Creating asynchronous mapping cache executor...
[22:03:40] [Mappings Cache Thread #1/INFO]: Verifying cache of yarn mappings...
[22:03:40] [Mappings Cache Thread #1/INFO]: Latest build for yarn is already cached (44 hour(s) ago, refresh in 4 hour(s))
[22:03:40] [Mappings Cache Thread #1/INFO]: Mappings for yarn build 1.20.1+build.10 are already downloaded
[22:03:40] [Mappings Cache Thread #1/INFO]: Verified cache of yarn mappings (took 5ms)
[22:03:40] [Mappings Cache Thread #1/INFO]: Parsing yarn mappings...
[22:03:40] [main/INFO]: Constructing common components for stoneworks:main
[22:03:40] [main/INFO]: Loading common config for stoneworks
[22:03:40] [Thread-9/INFO]: Reloading common config for stoneworks
[22:03:40] [Thread-9/INFO]: Reloading common config for stoneworks
[22:03:40] [main/INFO]: structureessentials mod initialized
[22:03:40] [Mappings Cache Thread #1/INFO]: Parsed yarn mappings (took 344ms)
[22:03:40] [Mappings Cache Thread #1/INFO]: Caching yarn mappings...
[22:03:40] [main/INFO]: Loaded config supplementaries-common.json
[22:03:40] [Mappings Cache Thread #1/INFO]: Cached yarn mappings (took 73ms)
[22:03:40] [Mappings Cache Thread #1/INFO]: Cached mappings have been built (took 430ms)
[22:03:40] [Mappings Cache Thread #1/INFO]:   Classes: 6741
[22:03:40] [Mappings Cache Thread #1/INFO]:   Methods: 24982
[22:03:40] [Mappings Cache Thread #1/INFO]:   Fields: 28829
[22:03:40] [ForkJoinPool.commonPool-worker-1/INFO]: Shutting down asynchronous mapping cache executor...
[22:03:40] [ForkJoinPool.commonPool-worker-1/INFO]: Injecting into root logger...
[22:03:41] [main/INFO]: TechReborn setup done!
[22:03:41] [main/INFO]: Registered region minecraft:overworld to index 0 for type OVERWORLD
[22:03:41] [main/INFO]: Registered region minecraft:nether to index 0 for type NETHER
[22:03:41] [main/INFO]: Registered region regions_unexplored:primary to index 1 for type OVERWORLD
[22:03:41] [main/INFO]: Registered region regions_unexplored:secondary to index 2 for type OVERWORLD
[22:03:41] [main/INFO]: Registered region regions_unexplored:nether to index 1 for type NETHER
[22:03:41] [main/INFO]: Registered region riverredux:overworld to index 3 for type OVERWORLD
[22:03:42] [main/INFO]: Creating environment manager EnvironmentManager{controller=com.github.thedeathlycow.thermoo.api.temperature.EmptyEnvironmentController}
[22:03:42] [main/INFO]: Thermoo initialized
[22:03:42] [main/INFO]: File exists, reading config for elocindev.tierify.config.CommonConfig.
[22:03:42] [main/INFO]: Config for elocindev.tierify.config.CommonConfig read successfully.
[22:03:42] [main/INFO]: Constructing common components for tinyskeletons:main
[22:03:42] [main/INFO]: Constructing common components for tradingpost:main
[22:03:42] [main/INFO]: Registered the FluidEffect with Unique ID of minecraft:water for Water (Fluid Amount Required: 81000) with the ID 0
[22:03:42] [main/INFO]: Registered the FluidEffect with Unique ID of minecraft:lava for Lava (Fluid Amount Required: 81000) with the ID 1
[22:03:42] [main/INFO]: Registered the FluidEffect with Unique ID of travelersbackpack:potion for block.travelersbackpack.potion_still (Fluid Amount Required: 27000) with the ID 2
[22:03:42] [main/INFO]: Registered the FluidEffect with Unique ID of milk:still_milk for Milk (Fluid Amount Required: 81000) with the ID 3
[22:03:42] [main/INFO]: [STDOUT]: TxniLib onInitialize!
[22:03:42] [main/INFO]: [Collective] JSON file 'entity_names.json' generation requested by mod 'villagernames'.
[22:03:42] [main/INFO]: Registered JSON trade offer adapter.
[22:03:42] [main/INFO]: Constructing common components for visualworkbench:main
[22:03:42] [main/INFO]: [STDOUT]: Config updated!
[22:03:42] [main/INFO]: [STDOUT]: Config loaded!
[22:03:42] [main/INFO]: Has opac!! true
[22:03:42] [main/INFO]: Has ftbchunks!! false
[22:03:42] [main/INFO]: Has flan!! false
[22:03:42] [main/INFO]: Has goml!! false
[22:03:42] [main/INFO]: Registering C2S receiver with id wands:global_settings_packet
[22:03:42] [main/INFO]: Registering C2S receiver with id wands:key_packet
[22:03:42] [main/INFO]: Registering C2S receiver with id wands:palette_packet
[22:03:42] [main/INFO]: Registering C2S receiver with id wands:wand_packet
[22:03:42] [main/INFO]: Registering C2S receiver with id wands:sync_rock_packet
[22:03:42] [main/INFO]: Registering C2S receiver with id wands:pos_packet
[22:03:43] [main/INFO]: File exists, reading config for elocindev.ysns.config.DisabledEntities.
[22:03:43] [main/INFO]: Config for elocindev.ysns.config.DisabledEntities read successfully.
[22:03:43] [main/INFO]: File exists, reading config for elocindev.ysns.config.PerDimensionEntities.
[22:03:43] [main/INFO]: Config for elocindev.ysns.config.PerDimensionEntities read successfully.
[22:03:43] [main/INFO]: You Shall Not Spawn's Config initialized
[22:03:43] [main/INFO]: Reflections took 6 ms to scan 1 urls, producing 1 keys and 4 values
[22:03:43] [main/INFO]: Reflections took 3 ms to scan 1 urls, producing 1 keys and 4 values
[22:03:43] [main/INFO]: Reflections took 1 ms to scan 1 urls, producing 1 keys and 2 values
[22:03:43] [main/INFO]: Reflections took 1 ms to scan 1 urls, producing 1 keys and 2 values
[22:03:43] [main/WARN]: Failed to parse color from string MATERIAL_RESIN! Setting to LIGHT_BLUE
[22:03:43] [main/INFO]: Registering content
[22:03:43] [main/INFO]: Registered extendedae config for auto-sync function
[22:03:43] [main/INFO]: Initialised items.
[22:03:43] [main/INFO]: Initialised blocks.
[22:03:43] [main/INFO]: Initialised block entities.
[22:03:43] [main/INFO]: Initialised Applied Botanics integration.
[22:03:43] [main/INFO]: Initialised AE2WT integration.
[22:03:43] [main/INFO]: Chose [Entity Tags] as the active game stages implementation
[22:03:43] [main/INFO]: Chose [FALLBACK] as the active permissions implementation
[22:03:43] [main/INFO]: [FTB Quests] recipe helper provider is [NO-OP]
[22:03:43] [main/INFO]: [FTB Quests] Enabled Item Filters integration
[22:03:44] [main/INFO]: Its Morbin' time
[22:03:44] [main/INFO]: Initialized Frostiful server!
[22:03:44] [main/INFO]: [STDOUT]: [Modpack Update Checker] Registered commands
[22:03:44] [main/INFO]: Initialized block sets in 66ms
[22:03:44] [main/INFO]: Loaded config fastpaintings-common.json
[22:03:44] [main/INFO]: Loaded config amendments-client.json
[22:03:44] [main/INFO]: Initialized color sets in 128ms
[22:03:44] [main/INFO]: Finished mod setup in: [0, 1, 0, 0, 0, 0, 16, 1] ms
[22:03:44] [main/INFO]: Loading Open Parties and Claims!
[22:03:44] [main/INFO]: File exists, reading config for elocindev.prominent.config.ServerConfig.
[22:03:44] [main/INFO]: Config for elocindev.prominent.config.ServerConfig read successfully.
[22:03:45] [main/INFO]: Registering common data for channel xaerolib:main!
[22:03:45] [main/INFO]: Loading primary common config for channel xaerolib:main!
[22:03:45] [main/INFO]: Loading server config profiles for channel xaerolib:main!
[22:03:45] [main/INFO]: Loading XaeroLib common 1/2!
[22:03:45] [main/INFO]: Loading XaeroLib server 1/2!
[22:03:45] [main/INFO]: Registering common data for channel xaerominimap:main!
[22:03:45] [main/INFO]: Loading primary common config for channel xaerominimap:main!
[22:03:45] [main/INFO]: Loading server config profiles for channel xaerominimap:main!
[22:03:45] [main/INFO]: Loading Xaero's Minimap - Stage 1/2 (Server)
[22:03:45] [main/INFO]: Registering common data for channel xaeroworldmap:main!
[22:03:45] [main/INFO]: Loading primary common config for channel xaeroworldmap:main!
[22:03:45] [main/INFO]: Loading server config profiles for channel xaeroworldmap:main!
[22:03:45] [main/INFO]: Loading Xaero's World Map - Stage 1/2 (Server)
[22:03:45] [main/INFO]: Environment: authHost='https://authserver.mojang.com', accountsHost='https://api.mojang.com', sessionHost='https://sessionserver.mojang.com', servicesHost='https://api.minecraftservices.com', name='PROD'
[22:03:45] [main/INFO]: [DataFixerAPI] World Patches are disabled
[22:03:46] [main/INFO]: Created 902 recipes which will be injected into the game
[22:03:46] [main/INFO]: Created 47 tags which will be injected into the game
[22:03:46] [main/INFO]: [Sortilege] Loading Configs for Sortilege
[22:03:46] [main/INFO]: Starting runtime resource generation for pack type SERVER_DATA with generators from mods [supplementaries]: [net.mehvahdjukaar.supplementaries.dynamicpack.ServerDynamicResourcesGenerator@45a912ee]
[22:03:46] [main/INFO]: Generating runtime assets for pack Supplementaries Generated Pack (supplementaries)
[22:03:46] [main/INFO]: Generated runtime SERVER_DATA for pack Supplementaries Generated Pack (supplementaries) in: 32 ms (multithreaded)
[22:03:46] [main/INFO]: Finished runtime resources generation for 1 packs in a total of 33 ms
[22:03:46] [main/INFO]: [bclib] Did not manage biome betterend:empty_aurora_cave
[22:03:46] [main/INFO]: [bclib] Did not manage biome betterend:empty_end_cave
[22:03:46] [main/INFO]: [bclib] Did not manage biome betterend:empty_smaragdant_cave
[22:03:46] [main/INFO]: [bclib] Did not manage biome betterend:jade_cave
[22:03:46] [main/INFO]: [bclib] Did not manage biome betterend:lush_aurora_cave
[22:03:46] [main/INFO]: [bclib] Did not manage biome betterend:lush_smaragdant_cave
[22:03:46] [main/INFO]: [bclib] Did not manage biome betterend:megalake_grove
[22:03:46] [main/INFO]: [bclib] Did not manage biome betterend:neon_oasis
[22:03:46] [main/INFO]: [bclib] Did not manage biome betterend:painted_mountains
[22:03:48] [main/INFO]: [bclib] Updating Pickers for BCLib - The End  BiomeSource (5378c381)
[22:03:48] [main/INFO]: [bclib] Unable to build Biome List yet
[22:03:48] [main/INFO]: [bclib] No Void Biomes found. Disabling by using barrens
[22:03:48] [main/INFO]: [bclib] No Barrens Biomes found. Disabling by using land Biomes
[22:03:48] [main/WARN]: [bclib] No Center Island Biomes found. Forcing use of vanilla center.
[22:03:48] [main/INFO]: [bclib] Make sure features are loaded from terrablender:org.betterx.bclib.api.v2.generator.BCLibEndBiomeSource
[22:03:48] [main/INFO]: [bclib] Updating Pickers for BCLib - Nether BiomeSource (4eeb6d48)
[22:03:48] [main/INFO]: [bclib] Unable to build Biome List yet
[22:03:48] [main/INFO]: [bclib] Make sure features are loaded from terrablender:org.betterx.bclib.api.v2.generator.BCLibNetherBiomeSource
[22:03:48] [main/INFO]: [bclib] Updating Pickers for BCLib - The End  BiomeSource (2a75a2ec)
[22:03:48] [main/INFO]: [bclib] Unable to build Biome List yet
[22:03:48] [main/INFO]: [bclib] No Void Biomes found. Disabling by using barrens
[22:03:48] [main/INFO]: [bclib] No Barrens Biomes found. Disabling by using land Biomes
[22:03:48] [main/WARN]: [bclib] No Center Island Biomes found. Forcing use of vanilla center.
[22:03:48] [main/INFO]: [bclib] Make sure features are loaded from terrablender:org.betterx.bclib.api.v2.generator.BCLibEndBiomeSource
[22:03:48] [main/INFO]: [bclib] Updating Pickers for BCLib - Nether BiomeSource (4e2ee8ae)
[22:03:48] [main/INFO]: [bclib] Unable to build Biome List yet
[22:03:48] [main/INFO]: [bclib] Make sure features are loaded from terrablender:org.betterx.bclib.api.v2.generator.BCLibNetherBiomeSource
[22:03:48] [main/INFO]: [bclib] Updating Pickers for BCLib - The End  BiomeSource (530e0bf9)
[22:03:48] [main/INFO]: [bclib] Unable to build Biome List yet
[22:03:48] [main/INFO]: [bclib] No Void Biomes found. Disabling by using barrens
[22:03:48] [main/INFO]: [bclib] No Barrens Biomes found. Disabling by using land Biomes
[22:03:48] [main/WARN]: [bclib] No Center Island Biomes found. Forcing use of vanilla center.
[22:03:48] [main/INFO]: [bclib] Make sure features are loaded from terrablender:org.betterx.bclib.api.v2.generator.BCLibEndBiomeSource
[22:03:48] [main/INFO]: [bclib] Updating Pickers for BCLib - Nether BiomeSource (fe3211d)
[22:03:48] [main/INFO]: [bclib] Unable to build Biome List yet
[22:03:48] [main/INFO]: [bclib] Make sure features are loaded from terrablender:org.betterx.bclib.api.v2.generator.BCLibNetherBiomeSource
[22:03:48] [main/INFO]: [bclib] Updating Pickers for BCLib - The End  BiomeSource (30835a48)
[22:03:48] [main/INFO]: [bclib] Unable to build Biome List yet
[22:03:48] [main/INFO]: [bclib] No Void Biomes found. Disabling by using barrens
[22:03:48] [main/INFO]: [bclib] No Barrens Biomes found. Disabling by using land Biomes
[22:03:48] [main/WARN]: [bclib] No Center Island Biomes found. Forcing use of vanilla center.
[22:03:48] [main/INFO]: [bclib] Make sure features are loaded from terrablender:org.betterx.bclib.api.v2.generator.BCLibEndBiomeSource
[22:03:48] [main/INFO]: [bclib] Updating Pickers for BCLib - Nether BiomeSource (3fe93141)
[22:03:48] [main/INFO]: [bclib] Unable to build Biome List yet
[22:03:48] [main/INFO]: [bclib] Make sure features are loaded from terrablender:org.betterx.bclib.api.v2.generator.BCLibNetherBiomeSource
[22:03:49] [main/INFO]: [betternether] Freeze Registry[ResourceKey[minecraft:root / worlds_together:worldgen/betterx/surface_rules] (Stable)]
[22:03:49] [main/INFO]: [betternether] Freeze Registry[ResourceKey[minecraft:root / worlds_together:worldgen/betterx/surface_rules] (Stable)]
[22:03:49] [main/INFO]: [betternether] Freeze Registry[ResourceKey[minecraft:root / worlds_together:worldgen/betterx/surface_rules] (Stable)]
[22:03:49] [main/INFO]: [betternether] Freeze Registry[ResourceKey[minecraft:root / worlds_together:worldgen/betterx/surface_rules] (Stable)]
[22:03:49] [main/WARN]: [bclib] No valid BCLBiome Registry available!
[22:03:49] [main/WARN]: [bclib] No valid Biome Registry available!
[22:03:50] [main/WARN]: Adding spell_power:fire to saved/remote registry.
[22:03:50] [main/WARN]: Adding spell_power:arcane to saved/remote registry.
[22:03:50] [main/WARN]: Adding adventurez:blackstoned_heart to saved/remote registry.
[22:03:50] [main/WARN]: Adding spell_power:frost to saved/remote registry.
[22:03:50] [main/WARN]: Adding aquamirae:crystallization to saved/remote registry.
[22:03:50] [main/INFO]: [fabric-registry-sync] Loaded registry data [file 1/4]
[22:03:50] [main/INFO]: [bclib] Updating Pickers for BCLib - The End  BiomeSource (b3e7abf)
[22:03:50] [main/INFO]: [bclib] Unable to build Biome List yet
[22:03:50] [main/INFO]: [bclib] No Void Biomes found. Disabling by using barrens
[22:03:50] [main/INFO]: [bclib] No Barrens Biomes found. Disabling by using land Biomes
[22:03:50] [main/WARN]: [bclib] No Center Island Biomes found. Forcing use of vanilla center.
[22:03:50] [main/INFO]: [bclib] Make sure features are loaded from terrablender:org.betterx.bclib.api.v2.generator.BCLibEndBiomeSource
[22:03:50] [main/INFO]: [bclib] Updating Pickers for BCLib - Nether BiomeSource (5b5bf9d0)
[22:03:50] [main/INFO]: [bclib] Unable to build Biome List yet
[22:03:50] [main/INFO]: [bclib] Make sure features are loaded from terrablender:org.betterx.bclib.api.v2.generator.BCLibNetherBiomeSource
[22:03:50] [main/INFO]: [betternether] Freeze Registry[ResourceKey[minecraft:root / worlds_together:worldgen/betterx/surface_rules] (Stable)]
[22:03:50] [main/INFO]: [betternether] Freeze Registry[ResourceKey[minecraft:root / worlds_together:worldgen/betterx/surface_rules] (Stable)]
[22:03:51] [main/INFO]: Registered /wine command
[22:03:51] [Worker-Main-2/INFO]: [Load My F***ing Tags]: Loaded Config File!
[22:03:51] [Worker-Main-3/WARN]: [Load My F***ing Tags]: Couldn't load certain entries within the tag explorations:has_feature/scarecrow/acacia: minecraft: (from Scarecrow_Obliterator.zip)
[22:03:51] [Worker-Main-3/WARN]: [Load My F***ing Tags]: Couldn't load certain entries within the tag explorations:has_feature/scarecrow/birch: minecraft: (from Scarecrow_Obliterator.zip)
[22:03:51] [Worker-Main-3/WARN]: [Load My F***ing Tags]: Couldn't load certain entries within the tag explorations:has_feature/scarecrow/spruce: minecraft: (from Scarecrow_Obliterator.zip)
[22:03:51] [Worker-Main-3/WARN]: [Load My F***ing Tags]: Couldn't load certain entries within the tag explorations:has_feature/scarecrow/jungle: minecraft: (from Scarecrow_Obliterator.zip)
[22:03:51] [Worker-Main-3/WARN]: [Load My F***ing Tags]: Couldn't load certain entries within the tag explorations:has_feature/scarecrow/dark_oak: minecraft: (from Scarecrow_Obliterator.zip)
[22:03:51] [Worker-Main-3/WARN]: [Load My F***ing Tags]: Couldn't load certain entries within the tag explorations:has_feature/scarecrow/oak: minecraft: (from Scarecrow_Obliterator.zip)
[22:03:51] [Worker-Main-3/WARN]: [Load My F***ing Tags]: Couldn't load certain entries within the tag explorations:has_feature/scarecrow/mangrove: minecraft: (from Scarecrow_Obliterator.zip)
[22:03:51] [Worker-Main-3/WARN]: [Load My F***ing Tags]: Couldn't load certain entries within the tag bewitchment:has_blood: minecraft:player (from alms_bewitchment_tweaks-1.20.1-1.1.0.zip), minecraft:villager (from alms_bewitchment_tweaks-1.20.1-1.1.0.zip), minecraft:wandering_trader (from alms_bewitchment_tweaks-1.20.1-1.1.0.zip), minecraft:witch (from alms_bewitchment_tweaks-1.20.1-1.1.0.zip), minecraft:pillager (from alms_bewitchment_tweaks-1.20.1-1.1.0.zip), minecraft:vindicator (from alms_bewitchment_tweaks-1.20.1-1.1.0.zip), minecraft:evoker (from alms_bewitchment_tweaks-1.20.1-1.1.0.zip), minecraft:illusioner (from alms_bewitchment_tweaks-1.20.1-1.1.0.zip), minecraft:piglin (from alms_bewitchment_tweaks-1.20.1-1.1.0.zip), minecraft:piglin_brute (from alms_bewitchment_tweaks-1.20.1-1.1.0.zip), bewitchment:vampire (from alms_bewitchment_tweaks-1.20.1-1.1.0.zip)
[22:03:51] [Worker-Main-1/INFO]: [Sortilege] Applying configured data: sortilege:tags/items/staffs.json
[22:03:51] [Worker-Main-3/WARN]: [Load My F***ing Tags]: Couldn't load certain entries within the tag undergarden:undergarden_entities: undergarden:rotling (from fabric), undergarden:rotwalker (from fabric), undergarden:rotbeast (from fabric), undergarden:dweller (from fabric), undergarden:gwibling (from fabric), undergarden:brute (from fabric), undergarden:scintling (from fabric), undergarden:gloomper (from fabric), undergarden:stoneborn (from fabric), undergarden:nargoyle (from fabric), undergarden:muncher (from fabric), undergarden:sploogie (from fabric), undergarden:gwib (from fabric), undergarden:mog (from fabric), undergarden:smog_mog (from fabric), undergarden:forgotten (from fabric)
[22:03:51] [Worker-Main-2/WARN]: [Load My F***ing Tags]: Couldn't load certain entries within the tag minecraft:village: integrated_villages:swamp_village (from fabric)
[22:03:51] [Worker-Main-1/WARN]: Tag entries for trinkets:tags/items/calendar/calendarslot.json cleared by Disable SeasonHUD Slot 1.1.1.zip
[22:03:51] [Worker-Main-1/WARN]: Tag entries for curios:tags/items/calendarslot.json cleared by Disable SeasonHUD Slot 1.1.1.zip
[22:03:52] [Worker-Main-1/WARN]: [Load My F***ing Tags]: Couldn't load certain entries within the tag spell_power:enchant_spell_power_soulfrost: spellbladenext:runefrosted_armor_head (from spell_enchants_for_all_armor_edition_1.20.1-1.2.0.zip), spellbladenext:runefrosted_armor_chest (from spell_enchants_for_all_armor_edition_1.20.1-1.2.0.zip), spellbladenext:runefrosted_armor_legs (from spell_enchants_for_all_armor_edition_1.20.1-1.2.0.zip), spellbladenext:runefrosted_armor_feet (from spell_enchants_for_all_armor_edition_1.20.1-1.2.0.zip)
[22:03:52] [Worker-Main-1/WARN]: The following tags are invalid and will be ignored: [c:cobalt_wires, c:raw_coal_coke_ores, c:amber_storage_blocks, c:raw_platinum_storage_blocks, c:silver_gems, c:sapphire_storage_blocks, c:cinnabar_nuggets, c:netherite_dusts, c:raw_mithril_ores, c:coal_coke_dusts, c:lapis_ingots, c:peridot_ingots, c:raw_chrome_blocks, c:obsidian_rods, c:tungsten_raw_materials, c:charcoal_ores, c:graphite_blocks, c:raw_electrum_blocks, c:raw_signalum_blocks, c:coal_gems, c:potassium_nitrate_ores, c:graphite_wires, c:netherite_gems, c:elementium_ingots, c:sulfur_wires, c:apatite_nuggets, c:raw_lead_storage_blocks, c:constantan_raw_materials, c:raw_charcoal_storage_blocks, c:chrome_storage_blocks, c:brass_wires, c:raw_steel_ores, c:ruby_rods, c:osmium_blocks, c:charcoal_storage_blocks, c:amber_wires, c:sulfur_gems, c:raw_sapphire_blocks, c:raw_enderium_ores, c:raw_zinc_storage_blocks, c:lead_rods, c:raw_cinnabar_blocks, c:brass_gems, c:raw_sapphire_ores, c:diamond_gears, c:cobalt_ores, c:obsidian_gems, c:signalum_gems, c:raw_ruby_ores, c:netherite_wires, c:osmium_nuggets, c:signalum_raw_materials, c:raw_coal_coke_blocks, c:chrome_rods, c:raw_cobalt_ores, c:lapis_storage_blocks, c:aeternium_rods, c:raw_netherite_blocks, c:cobalt_storage_blocks, c:raw_graphite_blocks, c:raw_emerald_storage_blocks, c:platinum_storage_blocks, c:elementium_plates, c:aeternium_raw_materials, c:raw_lapis_blocks, c:lapis_raw_materials, c:constantan_blocks, c:raw_cinnabar_ores, c:elementium_gears, c:chrome_ingots, c:silver_rods, c:tin_wires, c:elementium_ores, c:charcoal_gears, c:apatite_ores, c:raw_obsidian_storage_blocks, c:sapphire_rods, c:fluorite_dusts, c:netherite_storage_blocks, c:coal_coke_ores, c:steel_ores, c:raw_mithril_blocks, c:netherite_gears, c:coal_coke_gears, c:netherite_rods, c:bitumen_gears, c:raw_obsidian_ores, c:raw_diamond_ores, c:chrome_plates, c:emerald_storage_blocks, c:cinnabar_raw_materials, c:lapis_wires, c:coal_coke_raw_materials, c:lumium_ores, c:chrome_wires, c:brass_raw_materials, c:graphite_dusts, c:obsidian_gears, c:brass_storage_blocks, c:coal_coke_storage_blocks, c:lead_gems, c:fluorite_wires, c:steel_storage_blocks, c:signalum_nuggets, c:fluorite_ingots, c:raw_cobalt_storage_blocks, c:amber_dusts, c:osmium_ores, c:fluorite_plates, c:raw_charcoal_blocks, c:lead_raw_materials, c:tungsten_gears, c:constantan_ores, c:lumium_storage_blocks, c:enderium_rods, c:raw_lumium_storage_blocks, c:osmium_dusts, c:raw_invar_ores, c:raw_aluminum_ores, c:copper_gems, c:raw_electrum_ores, c:bronze_raw_materials, c:elementium_dusts, c:bitumen_gems, c:raw_aluminum_blocks, c:raw_sulfur_storage_blocks, c:silver_gears, c:peridot_wires, c:constantan_ingots, c:aeternium_blocks, c:gold_storage_blocks, c:raw_constantan_ores, c:copper_wires, c:cobalt_plates, c:raw_fluorite_storage_blocks, c:signalum_ores, c:nickel_raw_materials, c:raw_lumium_blocks, c:cobalt_gears, c:coal_wires, c:constantan_plates, c:iridium_wires, c:lapis_nuggets, c:lumium_blocks, c:mithril_blocks, c:graphite_nuggets, c:emerald_wires, c:cobalt_ingots, c:fluorite_raw_materials, c:obsidian_nuggets, c:enderium_storage_blocks, c:potassium_nitrate_storage_blocks, c:ruby_raw_materials, c:raw_diamond_storage_blocks, c:chrome_dusts, c:mithril_raw_materials, c:enderium_blocks, c:nickel_gears, c:amber_rods, c:osmium_storage_blocks, c:steel_raw_materials, c:raw_enderium_storage_blocks, c:charcoal_gems, c:amber_raw_materials, c:invar_ores, c:apatite_ingots, c:uranium_gems, c:platinum_rods, c:mithril_rods, c:iron_wires, c:apatite_plates, c:chrome_gears, c:apatite_rods, c:raw_elementium_blocks, c:raw_netherite_ores, c:charcoal_ingots, c:graphite_ores, c:diamond_rods, c:raw_bitumen_ores, c:tin_gems, c:coal_coke_rods, c:obsidian_raw_materials, c:cinnabar_rods, c:sulfur_ores, c:raw_coal_ores, c:zinc_wires, c:diamond_storage_blocks, c:cinnabar_gears, c:raw_electrum_storage_blocks, c:apatite_raw_materials, c:potassium_nitrate_raw_materials, c:apatite_wires, c:cinnabar_ingots, c:osmium_plates, c:signalum_wires, c:uranium_wires, c:raw_enderium_blocks, c:uranium_plates, c:obsidian_blocks, c:zinc_raw_materials, c:raw_sapphire_storage_blocks, c:coal_coke_wires, c:bitumen_storage_blocks, c:raw_apatite_blocks, c:diamond_gems, c:constantan_nuggets, c:signalum_blocks, c:enderium_raw_materials, c:bitumen_rods, c:sapphire_raw_materials, c:uranium_gears, c:signalum_gears, c:bitumen_raw_materials, c:invar_storage_blocks, c:bitumen_ingots, c:charcoal_plates, c:zinc_gears, c:raw_copper_storage_blocks, c:aeternium_storage_blocks, c:aluminum_gems, c:raw_chrome_ores, c:brass_ores, c:raw_silver_storage_blocks, c:graphite_plates, c:electrum_raw_materials, c:osmium_ingots, c:apatite_gears, c:amber_gems, c:tin_storage_blocks, c:fluorite_gears, c:raw_nickel_storage_blocks, c:raw_fluorite_ores, c:mithril_wires, c:amber_gears, c:raw_amber_storage_blocks, c:elementium_gems, c:raw_osmium_blocks, c:chrome_gems, c:bitumen_wires, c:raw_bitumen_storage_blocks, c:cinnabar_gems, c:elementium_blocks, c:ruby_nuggets, c:apatite_gems, c:mithril_gems, c:bronze_storage_blocks, c:bitumen_plates, c:lapis_gears, c:signalum_storage_blocks, c:raw_amber_ores, c:aeternium_gems, c:raw_emerald_ores, c:charcoal_rods, c:platinum_gems, c:emerald_gears, c:raw_elementium_storage_blocks, c:raw_cobalt_blocks, c:peridot_gears, c:raw_ruby_storage_blocks, c:fluorite_nuggets, c:coal_coke_gems, c:gold_wires, c:signalum_ingots, c:fluorite_gems, c:signalum_dusts, c:graphite_storage_blocks, c:raw_peridot_blocks, c:coal_coke_nuggets, c:potassium_nitrate_dusts, c:coal_gears, c:coal_coke_ingots, c:invar_gems, c:sulfur_raw_materials, c:constantan_dusts, c:electrum_storage_blocks, c:emerald_raw_materials, c:mithril_plates, c:aeternium_ores, c:emerald_gems, c:lumium_plates, c:peridot_storage_blocks, c:elementium_storage_blocks, c:tungsten_storage_blocks, c:raw_brass_blocks, c:chrome_blocks, c:coal_coke_plates, c:constantan_rods, c:tungsten_gems, c:silver_wires, c:raw_netherite_storage_blocks, c:enderium_ores, c:cobalt_rods, c:copper_storage_blocks, c:sulfur_nuggets, c:potassium_nitrate_blocks, c:raw_steel_storage_blocks, c:lumium_wires, c:raw_aeternium_ores, c:electrum_gems, c:raw_peridot_ores, c:platinum_raw_materials, c:graphite_ingots, c:ruby_storage_blocks, c:elementium_nuggets, c:cinnabar_plates, c:raw_tin_storage_blocks, c:raw_bronze_ores, c:sulfur_ingots, c:elementium_rods, c:amber_blocks, c:cinnabar_storage_blocks, c:raw_fluorite_blocks, c:raw_lapis_storage_blocks, c:nickel_wires, c:iridium_gears, c:iron_gems, c:raw_charcoal_ores, c:obsidian_ores, c:potassium_nitrate_rods, c:charcoal_nuggets, c:fluorite_blocks, c:steel_gems, c:nickel_gems, c:netherite_raw_materials, c:lumium_rods, c:raw_bronze_blocks, c:obsidian_wires, c:aeternium_wires, c:raw_signalum_storage_blocks, c:raw_sulfur_ores, c:raw_brass_ores, c:raw_diamond_blocks, c:raw_peridot_storage_blocks, c:lumium_raw_materials, c:ruby_ingots, c:raw_uranium_storage_blocks, c:netherite_plates, c:raw_apatite_ores, c:fluorite_rods, c:raw_graphite_storage_blocks, c:charcoal_wires, c:bronze_ores, c:diamond_raw_materials, c:iridium_storage_blocks, c:iridium_gems, c:cobalt_raw_materials, c:coal_storage_blocks, c:enderium_plates, c:chrome_nuggets, c:raw_mithril_storage_blocks, c:raw_potassium_nitrate_storage_blocks, c:ruby_wires, c:lumium_ingots, c:emerald_rods, c:raw_gold_storage_blocks, c:raw_aeternium_blocks, c:osmium_rods, c:chrome_ores, c:enderium_ingots, c:enderium_dusts, c:raw_coal_blocks, c:constantan_storage_blocks, c:cinnabar_wires, c:raw_invar_blocks, c:uranium_storage_blocks, c:lead_storage_blocks, c:tin_raw_materials, c:sapphire_gears, c:raw_tungsten_storage_blocks, c:mithril_gears, c:elementium_raw_materials, c:raw_bitumen_blocks, c:raw_constantan_storage_blocks, c:raw_obsidian_blocks, c:lumium_dusts, c:potassium_nitrate_gems, c:mithril_storage_blocks, c:enderium_nuggets, c:peridot_nuggets, c:zinc_storage_blocks, c:sapphire_ingots, c:raw_iridium_storage_blocks, c:netherite_ores, c:graphite_raw_materials, c:aeternium_dusts, c:sulfur_gears, c:raw_brass_storage_blocks, c:nickel_rods, c:silver_raw_materials, c:steel_wires, c:raw_aluminum_storage_blocks, c:cinnabar_blocks, c:obsidian_ingots, c:apatite_dusts, c:raw_graphite_ores, c:iron_storage_blocks, c:amber_ores, c:iridium_rods, c:graphite_gears, c:raw_invar_storage_blocks, c:osmium_wires, c:enderium_gems, c:coal_ingots, c:amber_nuggets, c:chrome_raw_materials, c:bitumen_blocks, c:peridot_rods, c:diamond_wires, c:raw_aeternium_storage_blocks, c:enderium_wires, c:mithril_ores, c:emerald_ingots, c:bronze_wires, c:raw_coal_storage_blocks, c:raw_lapis_ores, c:electrum_ores, c:raw_osmium_storage_blocks, c:silver_storage_blocks, c:ruby_gems, c:raw_emerald_blocks, c:obsidian_storage_blocks, c:aeternium_nuggets, c:bitumen_nuggets, c:nickel_storage_blocks, c:sapphire_gems, c:raw_signalum_ores, c:lead_gears, c:uranium_raw_materials, c:fluorite_ores, c:lapis_gems, c:graphite_rods, c:bitumen_dusts, c:raw_chrome_storage_blocks, c:potassium_nitrate_nuggets, c:invar_wires, c:peridot_raw_materials, c:aluminum_ores, c:raw_ruby_blocks, c:zinc_gems, c:sulfur_storage_blocks, c:diamond_ingots, c:sapphire_nuggets, c:elementium_wires, c:raw_apatite_storage_blocks, c:electrum_gears, c:constantan_gears, c:raw_steel_blocks, c:cobalt_dusts, c:gold_gems, c:amber_plates, c:raw_lumium_ores, c:osmium_raw_materials, c:coal_nuggets, c:potassium_nitrate_plates, c:coal_rods, c:coal_coke_blocks, c:potassium_nitrate_wires, c:aluminum_raw_materials, c:ruby_gears, c:platinum_wires, c:aluminum_storage_blocks, c:signalum_rods, c:aeternium_ingots, c:mithril_ingots, c:cobalt_gems, c:platinum_gears, c:aluminum_wires, c:potassium_nitrate_gears, c:mithril_dusts, c:bronze_gems, c:raw_constantan_blocks, c:constantan_wires, c:sulfur_plates, c:sulfur_rods, c:coal_raw_materials, c:tungsten_wires, c:graphite_gems, c:invar_raw_materials, c:charcoal_raw_materials, c:signalum_plates, c:raw_elementium_ores, c:bitumen_ores, c:apatite_storage_blocks, c:raw_potassium_nitrate_blocks, c:sapphire_wires, c:raw_bronze_storage_blocks, c:potassium_nitrate_ingots, c:aeternium_gears, c:osmium_gems, c:zinc_rods, c:charcoal_blocks, c:amber_ingots, c:raw_potassium_nitrate_ores, c:enderium_gears, c:raw_sulfur_blocks, c:raw_coal_coke_storage_blocks, c:cobalt_nuggets, c:raw_amber_blocks, c:constantan_gems, c:lapis_rods, c:lumium_gears, c:aeternium_plates, c:raw_cinnabar_storage_blocks, c:apatite_blocks, c:osmium_gears, c:iridium_raw_materials, c:lead_wires, c:mithril_nuggets, c:raw_osmium_ores, c:lumium_gems, c:fluorite_storage_blocks, c:raw_iron_storage_blocks, c:lumium_nuggets, c:brass_gears]
[22:03:52] [Worker-Main-3/INFO]: [Sortilege] Neutralized recipes [], as their corresponding staffs are not loaded.
[22:03:53] [Worker-Main-3/ERROR]: Couldn't parse data file tiered:limestone_create from tiered:recipes/limestone_create.json
com.google.gson.JsonParseException: com.google.gson.stream.MalformedJsonException: Unterminated object at line 9 column 40 path $.key.#.item
	at net.minecraft.util.JsonHelper.deserializeNullable(JsonHelper.java:526) ~[server-intermediary.jar:?]
	at net.minecraft.util.JsonHelper.deserialize(JsonHelper.java:531) ~[server-intermediary.jar:?]
	at net.minecraft.util.JsonHelper.deserialize(JsonHelper.java:581) ~[server-intermediary.jar:?]
	at net.minecraft.resource.JsonDataLoader.load(JsonDataLoader.java:44) ~[server-intermediary.jar:?]
	at net.minecraft.resource.JsonDataLoader.prepare(JsonDataLoader.java:32) ~[server-intermediary.jar:?]
	at com.recipeessentials.recipecache.RecipeManager.prepare(RecipeManager.java:22) ~[recipeessentials-fabric-1.20.1-4.1.jar:?]
	at net.minecraft.resource.SinglePreparationResourceReloader.method_18791(SinglePreparationResourceReloader.java:11) ~[server-intermediary.jar:?]
	at java.util.concurrent.CompletableFuture$AsyncSupply.run(CompletableFuture.java:1768) ~[?:?]
	at java.util.concurrent.CompletableFuture$AsyncSupply.exec(CompletableFuture.java:1760) ~[?:?]
	at java.util.concurrent.ForkJoinTask.doExec(ForkJoinTask.java:387) ~[?:?]
	at java.util.concurrent.ForkJoinPool$WorkQueue.topLevelExec(ForkJoinPool.java:1312) ~[?:?]
	at java.util.concurrent.ForkJoinPool.scan(ForkJoinPool.java:1843) ~[?:?]
	at java.util.concurrent.ForkJoinPool.runWorker(ForkJoinPool.java:1808) ~[?:?]
	at java.util.concurrent.ForkJoinWorkerThread.run(ForkJoinWorkerThread.java:188) ~[?:?]
Caused by: com.google.gson.stream.MalformedJsonException: Unterminated object at line 9 column 40 path $.key.#.item
	at com.google.gson.stream.JsonReader.syntaxError(JsonReader.java:1657) ~[gson-2.10.jar:?]
	at com.google.gson.stream.JsonReader.doPeek(JsonReader.java:500) ~[gson-2.10.jar:?]
	at com.google.gson.stream.JsonReader.hasNext(JsonReader.java:422) ~[gson-2.10.jar:?]
	at com.google.gson.internal.bind.TypeAdapters$28.read(TypeAdapters.java:779) ~[gson-2.10.jar:?]
	at com.google.gson.internal.bind.TypeAdapters$28.read(TypeAdapters.java:725) ~[gson-2.10.jar:?]
	at com.google.gson.internal.bind.TypeAdapters$34$1.read(TypeAdapters.java:1007) ~[gson-2.10.jar:?]
	at net.minecraft.util.JsonHelper.deserializeNullable(JsonHelper.java:524) ~[server-intermediary.jar:?]
	... 13 more
[22:04:01] [main/INFO]: parsing loot tables
[22:04:01] [main/INFO]: finished parsing loot tables in 385
[22:04:01] [main/INFO]: [bclib] Disabling Recipe: bclib:test_star
[22:04:02] [main/WARN]: Recipe count: 32490
[22:04:02] [main/WARN]: Item 'minecraft:raw_gold' has multiple preferred tags '[c:gold_raw_materials, c:raw_gold_ores]' for recipe replacement. This needs to be manually fixed by the user.
[22:04:02] [main/WARN]: Item 'minecraft:raw_iron' has multiple preferred tags '[c:raw_iron_ores, c:iron_raw_materials]' for recipe replacement. This needs to be manually fixed by the user.
[22:04:02] [main/WARN]: Item 'minecraft:raw_copper' has multiple preferred tags '[c:copper_raw_materials, c:raw_copper_ores]' for recipe replacement. This needs to be manually fixed by the user.
[22:04:03] [main/WARN]: Recipe count afterwards: 32387 (done in 1.252 s)
[22:04:03] [main/ERROR]: Parsing error loading recipe mcda:upgrade_royal_guard_boots Unknown item 'mcda:royal_guard_armor_boots'
[22:04:03] [main/ERROR]: Parsing error loading recipe mcda:upgrade_shadow_walker_boots Unknown item 'mcda:shadow_walker_armor_boots'
[22:04:03] [main/ERROR]: Parsing error loading recipe farmersknives:manasteel_knife Unknown item 'farmersknives:manasteel_knife'
[22:04:03] [main/ERROR]: Parsing error loading recipe mcdw:scythe_jailors_scythe Unknown item 'mcdw:scythe_jailors_scythe'
[22:04:03] [main/ERROR]: Parsing error loading recipe mcda:upgrade_gilded_glory_chestplate Unknown item 'mcda:gilded_glory_chestplate'
[22:04:03] [main/WARN]: Your custom createaddition:rolling/brass_ingot recipe (createaddition:rolling/brass_ingot) specified a duration. Durations have no impact on this type of recipe.
[22:04:03] [main/ERROR]: Parsing error loading recipe emi_letsdo_compat:cake_cut/pudding_cake_cut Invalid or unsupported recipe type 'emi_letsdo_compat:cake_cut'
[22:04:03] [main/ERROR]: Parsing error loading recipe endrem:apotheosis_cryptic_eye Invalid or unsupported recipe type 'apotheosis:enchanting'
[22:04:03] [main/WARN]: Your custom createaddition:charging/weathered_copper recipe (createaddition:charging/weathered_copper) specified a duration. Durations have no impact on this type of recipe.
[22:04:03] [main/WARN]: Your custom createaddition:charging/cut_copper_slab recipe (createaddition:charging/cut_copper_slab) specified a duration. Durations have no impact on this type of recipe.
[22:04:03] [main/ERROR]: Parsing error loading recipe mcdw:glaive_glaive Unknown item 'mcdw:sword_iron_sword_var'
[22:04:03] [main/ERROR]: Parsing error loading recipe spellbladenext:finalstrikeoil Unknown item 'spellbladenext:spelloil'
[22:04:03] [main/ERROR]: Parsing error loading recipe emi_letsdo_compat:cake_cut/chocolate_gateau_cake_cut Invalid or unsupported recipe type 'emi_letsdo_compat:cake_cut'
[22:04:03] [main/ERROR]: Parsing error loading recipe mcda:upgrade_troubadour_armor_chestplate Unknown item 'mcda:troubadour_armor_chestplate'
[22:04:03] [main/ERROR]: Parsing error loading recipe mcda:upgrade_nimble_turtle_helmet Unknown item 'mcda:nimble_turtle_armor_helmet'
[22:04:03] [main/ERROR]: Parsing error loading recipe mcda:upgrade_gilded_glory_boots Unknown item 'mcda:gilded_glory_boots'
[22:04:03] [main/WARN]: Your custom createaddition:charging/exposed_cut_copper recipe (createaddition:charging/exposed_cut_copper) specified a duration. Durations have no impact on this type of recipe.
[22:04:03] [main/WARN]: Your custom createaddition:rolling/electrum_ingot recipe (createaddition:rolling/electrum_ingot) specified a duration. Durations have no impact on this type of recipe.
[22:04:03] [main/WARN]: Your custom createaddition:charging/exposed_cut_copper_slab recipe (createaddition:charging/exposed_cut_copper_slab) specified a duration. Durations have no impact on this type of recipe.
[22:04:03] [main/ERROR]: Parsing error loading recipe emi_letsdo_compat:bread_to_cheese_stick Invalid or unsupported recipe type 'emi_letsdo_compat:fondue_use'
[22:04:03] [main/WARN]: Your custom createaddition:charging/weathered_copper_shingle_stairs recipe (createaddition:charging/weathered_copper_shingle_stairs) specified a duration. Durations have no impact on this type of recipe.
[22:04:04] [main/ERROR]: Parsing error loading recipe farmersknives:terra_knife Unknown item 'farmersknives:terra_knife'
[22:04:04] [main/ERROR]: Parsing error loading recipe mcda:upgrade_shadow_walker_chestplate Unknown item 'mcda:shadow_walker_armor_chestplate'
[22:04:04] [main/ERROR]: Parsing error loading recipe simplyskills:malevolent_manuscript Unknown item 'simplyskills:malevolent_manuscript'
[22:04:04] [main/ERROR]: Parsing error loading recipe spellbladenext:tabula Unknown item 'spellbladenext:tabula_rasa'
[22:04:04] [main/WARN]: Your custom createaddition:charging/copper_block recipe (createaddition:charging/copper_block) specified a duration. Durations have no impact on this type of recipe.
[22:04:04] [main/ERROR]: Parsing error loading recipe emi_letsdo_compat:cake_cut/chocolate_cake_cake_cut Invalid or unsupported recipe type 'emi_letsdo_compat:cake_cut'
[22:04:04] [main/WARN]: Your custom createaddition:rolling/straw recipe (createaddition:rolling/straw) specified a duration. Durations have no impact on this type of recipe.
[22:04:04] [main/ERROR]: Parsing error loading recipe mcda:upgrade_troubadour_armor_helmet Unknown item 'mcda:troubadour_armor_helmet'
[22:04:04] [main/ERROR]: Parsing error loading recipe mcda:upgrade_royal_guard_helmet Unknown item 'mcda:royal_guard_armor_helmet'
[22:04:04] [main/WARN]: Your custom createaddition:charging/exposed_copper_shingle_stairs recipe (createaddition:charging/exposed_copper_shingle_stairs) specified a duration. Durations have no impact on this type of recipe.
[22:04:04] [main/WARN]: Your custom createaddition:charging/cut_copper_block recipe (createaddition:charging/cut_copper_block) specified a duration. Durations have no impact on this type of recipe.
[22:04:04] [main/ERROR]: Parsing error loading recipe mcda:upgrade_shadow_walker_helmet Unknown item 'mcda:shadow_walker_armor_helmet'
[22:04:04] [main/ERROR]: Parsing error loading recipe emi_letsdo_compat:cake_cut/sweetberry_cake_cake_cut Invalid or unsupported recipe type 'emi_letsdo_compat:cake_cut'
[22:04:04] [main/WARN]: Your custom createaddition:charging/weathered_cut_copper_stairs recipe (createaddition:charging/weathered_cut_copper_stairs) specified a duration. Durations have no impact on this type of recipe.
[22:04:04] [main/WARN]: Your custom createaddition:compat/ae2/charged_certus_quartz recipe (createaddition:compat/ae2/charged_certus_quartz) specified a duration. Durations have no impact on this type of recipe.
[22:04:04] [main/ERROR]: Parsing error loading recipe mcdw:sword_freezing_foil Unknown item 'mcdw:sword_freezing_foil'
[22:04:04] [main/ERROR]: Parsing error loading recipe mcda:upgrade_gilded_glory_leggings Unknown item 'mcda:gilded_glory_leggings'
[22:04:04] [main/WARN]: Your custom createaddition:charging/weathered_cut_copper_slab recipe (createaddition:charging/weathered_cut_copper_slab) specified a duration. Durations have no impact on this type of recipe.
[22:04:04] [main/WARN]: Your custom createaddition:charging/weathered_copper_shingle_slab recipe (createaddition:charging/weathered_copper_shingle_slab) specified a duration. Durations have no impact on this type of recipe.
[22:04:04] [main/ERROR]: Parsing error loading recipe zenith:sigil_of_enhancement Unknown item 'zenith:gem_dust'
[22:04:04] [main/ERROR]: Parsing error loading recipe mcda:upgrade_troubadour_armor_leggings Unknown item 'mcda:troubadour_armor_leggings'
[22:04:04] [main/ERROR]: Parsing error loading recipe emi_letsdo_compat:cheese_fondue_fill Invalid or unsupported recipe type 'emi_letsdo_compat:fondue_fill'
[22:04:04] [main/ERROR]: Parsing error loading recipe invoke:null_rune Unknown item 'invoke:null_rune'
[22:04:04] [main/WARN]: Your custom createaddition:charging/weathered_copper_shingles recipe (createaddition:charging/weathered_copper_shingles) specified a duration. Durations have no impact on this type of recipe.
[22:04:04] [main/ERROR]: Parsing error loading recipe mcdw:sickle_nightmares_bite Unknown item 'mcdw:sickle_nightmares_bite'
[22:04:04] [main/INFO]: [STDOUT]: empty indrev:salt
[22:04:04] [main/WARN]: Your custom createaddition:charging/exposed_copper recipe (createaddition:charging/exposed_copper) specified a duration. Durations have no impact on this type of recipe.
[22:04:04] [main/ERROR]: Parsing error loading recipe emi_letsdo_compat:cake_cut/glowberry_tart_cake_cut Invalid or unsupported recipe type 'emi_letsdo_compat:cake_cut'
[22:04:04] [main/ERROR]: Parsing error loading recipe emi_letsdo_compat:cake_cut/linzer_tart_cake_cut Invalid or unsupported recipe type 'emi_letsdo_compat:cake_cut'
[22:04:04] [main/WARN]: Your custom createaddition:charging/copper_shingle_stairs recipe (createaddition:charging/copper_shingle_stairs) specified a duration. Durations have no impact on this type of recipe.
[22:04:04] [main/ERROR]: Parsing error loading recipe emi_letsdo_compat:cake_cut/strawberry_cake_cake_cut Invalid or unsupported recipe type 'emi_letsdo_compat:cake_cut'
[22:04:04] [main/ERROR]: Parsing error loading recipe mcda:upgrade_shadow_walker_leggings Unknown item 'mcda:shadow_walker_armor_leggings'
[22:04:04] [main/WARN]: Your custom createaddition:rolling/copper_ingot recipe (createaddition:rolling/copper_ingot) specified a duration. Durations have no impact on this type of recipe.
[22:04:04] [main/WARN]: Your custom createaddition:rolling/etrium_ingot recipe (createaddition:rolling/etrium_ingot) specified a duration. Durations have no impact on this type of recipe.
[22:04:04] [main/ERROR]: Parsing error loading recipe mcda:upgrade_nimble_turtle_leggings Unknown item 'mcda:nimble_turtle_armor_leggings'
[22:04:04] [main/ERROR]: Parsing error loading recipe mcda:upgrade_cauldron_helmet Unknown item 'mcda:cauldron_armor_helmet'
[22:04:04] [main/ERROR]: Parsing error loading recipe mcda:upgrade_troubadour_armor_boots Unknown item 'mcda:troubadour_armor_boots'
[22:04:04] [main/ERROR]: Parsing error loading recipe mcda:upgrade_gilded_glory_helmet Unknown item 'mcda:gilded_glory_helmet'
[22:04:04] [main/ERROR]: Parsing error loading recipe mcda:upgrade_royal_guard_leggings Unknown item 'mcda:royal_guard_armor_leggings'
[22:04:04] [main/ERROR]: Parsing error loading recipe farmersknives:elementium_knife Unknown item 'farmersknives:elementium_knife'
[22:04:04] [main/ERROR]: Parsing error loading recipe sortilege:lapis_shield Unknown item 'sortilege:lapis_shield'
[22:04:04] [main/ERROR]: Parsing error loading recipe spellbladenext:eviscerateoil Unknown item 'spellbladenext:spelloil'
[22:04:04] [main/WARN]: Your custom createaddition:charging/exposed_cut_copper_stairs recipe (createaddition:charging/exposed_cut_copper_stairs) specified a duration. Durations have no impact on this type of recipe.
[22:04:04] [main/WARN]: Your custom createaddition:rolling/electrum_plate recipe (createaddition:rolling/electrum_plate) specified a duration. Durations have no impact on this type of recipe.
[22:04:04] [main/ERROR]: Parsing error loading recipe emi_letsdo_compat:cake_cut/chocolate_tart_cake_cut Invalid or unsupported recipe type 'emi_letsdo_compat:cake_cut'
[22:04:04] [main/ERROR]: Parsing error loading recipe zenith:sigil_of_rebirth Unknown item 'zenith:gem_dust'
[22:04:04] [main/ERROR]: Parsing error loading recipe mcda:upgrade_nimble_turtle_boots Unknown item 'mcda:nimble_turtle_armor_boots'
[22:04:04] [main/WARN]: Your custom createaddition:charging/copper_shingle_slab recipe (createaddition:charging/copper_shingle_slab) specified a duration. Durations have no impact on this type of recipe.
[22:04:04] [main/WARN]: Your custom createaddition:rolling/iron_plate recipe (createaddition:rolling/iron_plate) specified a duration. Durations have no impact on this type of recipe.
[22:04:04] [main/ERROR]: Parsing error loading recipe supplementaries:integration/ash_bricks_fd An ingredient entry needs either a tag or an item
[22:04:04] [main/WARN]: Your custom createaddition:rolling/gold_plate recipe (createaddition:rolling/gold_plate) specified a duration. Durations have no impact on this type of recipe.
[22:04:04] [main/ERROR]: Parsing error loading recipe ae2:charger/charged_certus_quartz_crystal_calt2 Invalid or unsupported recipe type 'extendedae:ex_charger'
[22:04:04] [main/ERROR]: Parsing error loading recipe mcda:upgrade_cauldron_leggings Unknown item 'mcda:cauldron_armor_leggings'
[22:04:04] [main/ERROR]: Parsing error loading recipe emi_letsdo_compat:cheese_blocks_fondue_fill Invalid or unsupported recipe type 'emi_letsdo_compat:fondue_fill'
[22:04:04] [main/ERROR]: Parsing error loading recipe mcdw:double_axe_whirlwind Unknown item 'mcdw:double_axe_whirlwind'
[22:04:04] [main/ERROR]: Parsing error loading recipe supplementaries:integration/lapis_bricks_fd An ingredient entry needs either a tag or an item
[22:04:04] [main/WARN]: Your custom createaddition:rolling/iron_ingot recipe (createaddition:rolling/iron_ingot) specified a duration. Durations have no impact on this type of recipe.
[22:04:04] [main/WARN]: Your custom createaddition:charging/copper_shingles recipe (createaddition:charging/copper_shingles) specified a duration. Durations have no impact on this type of recipe.
[22:04:04] [main/ERROR]: Parsing error loading recipe mcda:upgrade_nimble_turtle_chestplate Unknown item 'mcda:nimble_turtle_armor_chestplate'
[22:04:04] [main/ERROR]: Parsing error loading recipe mcda:upgrade_cauldron_boots Unknown item 'mcda:cauldron_armor_boots'
[22:04:04] [main/ERROR]: Parsing error loading recipe emi_letsdo_compat:cake_cut/apple_pie_cake_cut Invalid or unsupported recipe type 'emi_letsdo_compat:cake_cut'
[22:04:04] [main/WARN]: Your custom createaddition:rolling/gold_ingot recipe (createaddition:rolling/gold_ingot) specified a duration. Durations have no impact on this type of recipe.
[22:04:04] [main/ERROR]: Parsing error loading recipe emi_letsdo_compat:cake_cut/bundt_cake_cake_cut Invalid or unsupported recipe type 'emi_letsdo_compat:cake_cut'
[22:04:04] [main/WARN]: Your custom createaddition:charging/channeling recipe (createaddition:charging/channeling) specified a duration. Durations have no impact on this type of recipe.
[22:04:04] [main/ERROR]: Parsing error loading recipe farmersknives:cryomarble_knife Missing field template
[22:04:04] [main/WARN]: Your custom createaddition:charging/exposed_copper_shingles recipe (createaddition:charging/exposed_copper_shingles) specified a duration. Durations have no impact on this type of recipe.
[22:04:04] [main/WARN]: Your custom createaddition:charging/weathered_cut_copper recipe (createaddition:charging/weathered_cut_copper) specified a duration. Durations have no impact on this type of recipe.
[22:04:04] [main/WARN]: Your custom createaddition:charging/cut_copper_stairs recipe (createaddition:charging/cut_copper_stairs) specified a duration. Durations have no impact on this type of recipe.
[22:04:04] [main/ERROR]: Parsing error loading recipe spellbladenext:flickerstrikeoil Unknown item 'spellbladenext:spelloil'
[22:04:04] [main/WARN]: Your custom createaddition:rolling/copper_plate recipe (createaddition:rolling/copper_plate) specified a duration. Durations have no impact on this type of recipe.
[22:04:04] [main/ERROR]: Parsing error loading recipe mythicupgrades:sapphire_smithing_template1 Unknown item 'soulsweapons:sapphire_upgrade_smithing_template'
[22:04:04] [main/ERROR]: Parsing error loading recipe mcda:upgrade_royal_guard_chestplate Unknown item 'mcda:royal_guard_armor_chestplate'
[22:04:04] [main/WARN]: Your custom createaddition:charging/exposed_copper_shingle_slab recipe (createaddition:charging/exposed_copper_shingle_slab) specified a duration. Durations have no impact on this type of recipe.
[22:04:04] [main/INFO]: Loaded 156 recipes
[22:04:04] [main/WARN]: Recipe without matching ID:zenith:potion_charm_enchanting
[22:04:04] [main/ERROR]: Parsing error loading custom advancement sortilege:get_witch_hat: Expected item to be an item, was unknown string 'sortilege:witch_hat'
[22:04:04] [main/ERROR]: Parsing error loading custom advancement copycats:recipes/crafting/copycat_iron_trapdoor: Missing criteria, expected to find a JsonObject
[22:04:04] [main/ERROR]: Parsing error loading custom advancement copycats:recipes/crafting/copycat_vertical_half_layer: Missing criteria, expected to find a JsonObject
[22:04:04] [main/ERROR]: Parsing error loading custom advancement copycats:recipes/crafting/copycat_step_from_conversion: Missing criteria, expected to find a JsonObject
[22:04:04] [main/ERROR]: Parsing error loading custom advancement copycats:recipes/crafting/copycat_byte: Missing criteria, expected to find a JsonObject
[22:04:04] [main/ERROR]: Parsing error loading custom advancement copycats:recipes/crafting/copycat_pane: Missing criteria, expected to find a JsonObject
[22:04:04] [main/ERROR]: Parsing error loading custom advancement copycats:recipes/crafting/copycat_layer_from_half_layers: Missing criteria, expected to find a JsonObject
[22:04:04] [main/ERROR]: Parsing error loading custom advancement copycats:recipes/crafting/copycat_folding_door: Missing criteria, expected to find a JsonObject
[22:04:04] [main/ERROR]: Parsing error loading custom advancement indrev:mk4_upgrade: Failed to parse 'location' field
[22:04:04] [main/ERROR]: Parsing error loading custom advancement copycats:recipes/crafting/copycat_stone_pressure_plate: Missing criteria, expected to find a JsonObject
[22:04:04] [main/ERROR]: Parsing error loading custom advancement copycats:recipes/crafting/copycat_byte_panel: Missing criteria, expected to find a JsonObject
[22:04:04] [main/ERROR]: Parsing error loading custom advancement copycats:recipes/crafting/copycat_stacked_half_layer_from_conversion: Missing criteria, expected to find a JsonObject
[22:04:04] [main/ERROR]: Parsing error loading custom advancement copycats:recipes/crafting/copycat_sliding_door_from_conversion: Missing criteria, expected to find a JsonObject
[22:04:04] [main/ERROR]: Parsing error loading custom advancement copycats:recipes/crafting/copycat_vertical_stairs: Missing criteria, expected to find a JsonObject
[22:04:04] [main/ERROR]: Parsing error loading custom advancement copycats:recipes/crafting/copycat_trapdoor: Missing criteria, expected to find a JsonObject
[22:04:04] [main/ERROR]: Parsing error loading custom advancement copycats:recipes/crafting/copycat_vertical_step: Missing criteria, expected to find a JsonObject
[22:04:04] [main/ERROR]: Parsing error loading custom advancement copycats:recipes/crafting/copycat_trapdoor_from_conversion: Missing criteria, expected to find a JsonObject
[22:04:04] [main/ERROR]: Parsing error loading custom advancement copycats:recipes/crafting/copycat_vertical_slice_from_conversion: Missing criteria, expected to find a JsonObject
[22:04:04] [main/ERROR]: Parsing error loading custom advancement sortilege:dye_staff: Expected item to be an item, was unknown string 'sortilege:iron_staff'
[22:04:04] [main/ERROR]: Parsing error loading custom advancement copycats:recipes/crafting/copycat_slope_layer: Missing criteria, expected to find a JsonObject
[22:04:04] [main/ERROR]: Parsing error loading custom advancement copycats:recipes/crafting/copycat_vertical_slope: Missing criteria, expected to find a JsonObject
[22:04:04] [main/ERROR]: Parsing error loading custom advancement copycats:recipes/crafting/copycat_flat_pane: Missing criteria, expected to find a JsonObject
[22:04:04] [main/ERROR]: Parsing error loading custom advancement copycats:recipes/crafting/copycat_half_panel: Missing criteria, expected to find a JsonObject
[22:04:04] [main/ERROR]: Parsing error loading custom advancement copycats:recipes/crafting/copycat_slice_from_conversion: Missing criteria, expected to find a JsonObject
[22:04:04] [main/ERROR]: Parsing error loading custom advancement copycats:recipes/crafting/copycat_flat_pane_from_conversion: Missing criteria, expected to find a JsonObject
[22:04:04] [main/ERROR]: Parsing error loading custom advancement copycats:recipes/crafting/copycat_slab_from_steps: Missing criteria, expected to find a JsonObject
[22:04:04] [main/ERROR]: Parsing error loading custom advancement copycats:recipes/crafting/copycat_panel_from_conversion: Missing criteria, expected to find a JsonObject
[22:04:04] [main/ERROR]: Parsing error loading custom advancement copycats:recipes/crafting/copycat_board: Missing criteria, expected to find a JsonObject
[22:04:04] [main/ERROR]: Parsing error loading custom advancement copycats:recipes/crafting/copycat_fence: Missing criteria, expected to find a JsonObject
[22:04:04] [main/ERROR]: Parsing error loading custom advancement copycats:recipes/crafting/copycat_vertical_stairs_from_conversion: Missing criteria, expected to find a JsonObject
[22:04:04] [main/ERROR]: Parsing error loading custom advancement copycats:recipes/crafting/copycat_block_from_slabs: Missing criteria, expected to find a JsonObject
[22:04:04] [main/ERROR]: Parsing error loading custom advancement copycats:recipes/crafting/copycat_vertical_slope_from_conversion: Missing criteria, expected to find a JsonObject
[22:04:04] [main/ERROR]: Parsing error loading custom advancement copycats:recipes/crafting/copycat_vertical_step_from_conversion: Missing criteria, expected to find a JsonObject
[22:04:04] [main/ERROR]: Parsing error loading custom advancement copycats:recipes/crafting/copycat_slab: Missing criteria, expected to find a JsonObject
[22:04:04] [main/ERROR]: Parsing error loading custom advancement copycats:recipes/crafting/copycat_stacked_half_layer: Missing criteria, expected to find a JsonObject
[22:04:04] [main/ERROR]: Parsing error loading custom advancement copycats:recipes/crafting/copycat_stone_button: Missing criteria, expected to find a JsonObject
[22:04:04] [main/ERROR]: Parsing error loading custom advancement copycats:recipes/crafting/copycat_pane_from_conversion: Missing criteria, expected to find a JsonObject
[22:04:04] [main/ERROR]: Parsing error loading custom advancement copycats:recipes/crafting/copycat_slab_from_beams: Missing criteria, expected to find a JsonObject
[22:04:04] [main/ERROR]: Parsing error loading custom advancement copycats:recipes/crafting/copycat_vertical_slice: Missing criteria, expected to find a JsonObject
[22:04:04] [main/ERROR]: Parsing error loading custom advancement mcdw:recipes/swords/sword_broadsword: Unknown item id 'mcdw:sword_iron_sword_var'
[22:04:04] [main/ERROR]: Parsing error loading custom advancement copycats:recipes/crafting/copycat_large_cogwheel: Missing criteria, expected to find a JsonObject
[22:04:04] [main/ERROR]: Parsing error loading custom advancement copycats:recipes/crafting/copycat_vertical_half_layer_from_conversion: Missing criteria, expected to find a JsonObject
[22:04:04] [main/ERROR]: Parsing error loading custom advancement copycats:recipes/crafting/copycat_slab_from_panels: Missing criteria, expected to find a JsonObject
[22:04:04] [main/ERROR]: Parsing error loading custom advancement copycats:recipes/crafting/copycat_slope: Missing criteria, expected to find a JsonObject
[22:04:04] [main/ERROR]: Parsing error loading custom advancement copycats:recipes/crafting/copycat_layer: Missing criteria, expected to find a JsonObject
[22:04:04] [main/ERROR]: Parsing error loading custom advancement simplyswords:grant_book_on_first_join: Missing criteria, expected to find a JsonObject
[22:04:04] [main/ERROR]: Parsing error loading custom advancement copycats:recipes/crafting/copycat_beam: Missing criteria, expected to find a JsonObject
[22:04:04] [main/ERROR]: Parsing error loading custom advancement copycats:recipes/crafting/copycat_stairs_from_conversion: Missing criteria, expected to find a JsonObject
[22:04:04] [main/ERROR]: Parsing error loading custom advancement copycats:recipes/crafting/copycat_folding_door_from_conversion: Missing criteria, expected to find a JsonObject
[22:04:04] [main/ERROR]: Parsing error loading custom advancement copycats:recipes/crafting/copycat_wooden_button: Missing criteria, expected to find a JsonObject
[22:04:04] [main/ERROR]: Parsing error loading custom advancement copycats:recipes/crafting/copycat_shaft: Missing criteria, expected to find a JsonObject
[22:04:04] [main/ERROR]: Parsing error loading custom advancement copycats:recipes/crafting/copycat_sliding_door: Missing criteria, expected to find a JsonObject
[22:04:04] [main/ERROR]: Parsing error loading custom advancement copycats:recipes/crafting/copycat_ghost_block: Missing criteria, expected to find a JsonObject
[22:04:04] [main/ERROR]: Parsing error loading custom advancement indrev:mk3_upgrade: Failed to parse 'location' field
[22:04:04] [main/ERROR]: Parsing error loading custom advancement copycats:recipes/crafting/copycat_panel_from_half_panels: Missing criteria, expected to find a JsonObject
[22:04:04] [main/ERROR]: Parsing error loading custom advancement copycats:recipes/crafting/copycat_half_layer_from_conversion: Missing criteria, expected to find a JsonObject
[22:04:04] [main/ERROR]: Parsing error loading custom advancement indrev:mk2_upgrade: Failed to parse 'location' field
[22:04:04] [main/ERROR]: Parsing error loading custom advancement copycats:recipes/crafting/copycat_wall: Missing criteria, expected to find a JsonObject
[22:04:04] [main/ERROR]: Parsing error loading custom advancement copycats:recipes/crafting/copycat_wooden_pressure_plate: Missing criteria, expected to find a JsonObject
[22:04:04] [main/ERROR]: Parsing error loading custom advancement copycats:recipes/crafting/copycat_cogwheel: Missing criteria, expected to find a JsonObject
[22:04:04] [main/ERROR]: Parsing error loading custom advancement copycats:recipes/crafting/copycat_fluid_pipe: Missing criteria, expected to find a JsonObject
[22:04:04] [main/ERROR]: Parsing error loading custom advancement copycats:recipes/crafting/copycat_slope_from_conversion: Missing criteria, expected to find a JsonObject
[22:04:04] [main/ERROR]: Parsing error loading custom advancement copycats:recipes/crafting/copycat_light_weighted_pressure_plate: Missing criteria, expected to find a JsonObject
[22:04:04] [main/ERROR]: Parsing error loading custom advancement copycats:recipes/crafting/copycat_half_layer: Missing criteria, expected to find a JsonObject
[22:04:04] [main/ERROR]: Parsing error loading custom advancement copycats:recipes/crafting/copycat_stairs: Missing criteria, expected to find a JsonObject
[22:04:04] [main/ERROR]: Parsing error loading custom advancement copycats:recipes/crafting/copycat_iron_door: Missing criteria, expected to find a JsonObject
[22:04:04] [main/ERROR]: Parsing error loading custom advancement copycats:recipes/crafting/copycat_block: Missing criteria, expected to find a JsonObject
[22:04:04] [main/ERROR]: Parsing error loading custom advancement copycats:recipes/crafting/copycat_catwalk: Missing criteria, expected to find a JsonObject
[22:04:04] [main/ERROR]: Parsing error loading custom advancement sortilege:get_wooden_staff: Expected item to be an item, was unknown string 'sortilege:wooden_staff'
[22:04:04] [main/ERROR]: Parsing error loading custom advancement copycats:recipes/crafting/copycat_heavy_weighted_pressure_plate: Missing criteria, expected to find a JsonObject
[22:04:04] [main/ERROR]: Parsing error loading custom advancement copycats:recipes/crafting/copycat_corner_slice: Missing criteria, expected to find a JsonObject
[22:04:04] [main/ERROR]: Parsing error loading custom advancement copycats:recipes/crafting/copycat_door: Missing criteria, expected to find a JsonObject
[22:04:04] [main/ERROR]: Parsing error loading custom advancement copycats:recipes/crafting/copycat_box: Missing criteria, expected to find a JsonObject
[22:04:04] [main/ERROR]: Parsing error loading custom advancement copycats:recipes/crafting/copycat_slice: Missing criteria, expected to find a JsonObject
[22:04:04] [main/ERROR]: Parsing error loading custom advancement copycats:recipes/crafting/copycat_fence_gate: Missing criteria, expected to find a JsonObject
[22:04:04] [main/ERROR]: Parsing error loading custom advancement copycats:recipes/crafting/copycat_ladder: Missing criteria, expected to find a JsonObject
[22:04:04] [main/ERROR]: Parsing error loading custom advancement sortilege:get_netherite_staff: Expected item to be an item, was unknown string 'sortilege:netherite_staff'
[22:04:04] [main/INFO]: Loaded 15509 advancements
[22:04:04] [main/INFO]: Registered 16 gear_sets.
[22:04:04] [main/INFO]: Registered 34 enchanting_stats.
[22:04:04] [main/WARN]: Outdated config schema! Config might not work correctly. Current schema is 2.
[22:04:04] [main/INFO]: Loaded 30 Loonium configurations
[22:04:04] [main/INFO]: Loaded 0 item attribute modifiers
[22:04:04] [main/INFO]: Saved 36 Value Calculator templates to config folder
[22:04:04] [main/INFO]: Loaded config for: lootintegrations.json
[22:04:04] [main/INFO]: Reloading Spawner Rune data...
[22:04:04] [main/INFO]: Reloading config...
[22:04:04] [main/WARN]: Could not decode GlobalLootModifier with json id supplementaries:ash_from_burning_mobs - error: Unknown registry key in ResourceKey[minecraft:root / porting_lib:global_loot_modifier_serializers]: moonlight:add_item
[22:04:04] [main/WARN]: Could not decode GlobalLootModifier with json id supplementaries:straw_from_flax - error: Unknown registry key in ResourceKey[minecraft:root / porting_lib:global_loot_modifier_serializers]: moonlight:add_item
[22:04:04] [main/WARN]: Could not decode GlobalLootModifier with json id supplementaries:fishing_antique_ink - error: Unknown registry key in ResourceKey[minecraft:root / porting_lib:global_loot_modifier_serializers]: moonlight:add_item
[22:04:04] [main/WARN]: Could not decode GlobalLootModifier with json id supplementaries:fishing_antique_ink_treasure - error: Unknown registry key in ResourceKey[minecraft:root / porting_lib:global_loot_modifier_serializers]: moonlight:add_item
[22:04:04] [main/WARN]: Could not decode GlobalLootModifier with json id supplementaries:replace_rope - error: Unknown registry key in ResourceKey[minecraft:root / porting_lib:global_loot_modifier_serializers]: supplementaries:replace_rope
[22:04:04] [main/WARN]: Could not decode GlobalLootModifier with json id zenith:affix_conversion - error: Unknown registry key in ResourceKey[minecraft:root / porting_lib:global_loot_modifier_serializers]: zenith:affix_conversion
[22:04:04] [main/WARN]: Could not decode GlobalLootModifier with json id zenith:affix_loot - error: Unknown registry key in ResourceKey[minecraft:root / porting_lib:global_loot_modifier_serializers]: zenith:affix_loot
[22:04:04] [main/WARN]: Could not decode GlobalLootModifier with json id zenith:gems - error: Unknown registry key in ResourceKey[minecraft:root / porting_lib:global_loot_modifier_serializers]: zenith:gems
[22:04:04] [main/WARN]: Could not decode GlobalLootModifier with json id zenith:affix_hook - error: Unknown registry key in ResourceKey[minecraft:root / porting_lib:global_loot_modifier_serializers]: zenith:affix_hook
[22:04:05] [main/INFO]: [Sortilege] Neutralized recipes [], as their corresponding staffs are not loaded.
[22:04:05] [main/ERROR]: [Sortilege] Could not read data file tiered:recipes/limestone_create.json
[22:04:06] [main/INFO]: Loaded 27 flute songs
[22:04:06] [main/INFO]: Loaded 3 global temperature effects
[22:04:06] [main/INFO]: Loaded 12 type specific temperature effects
[22:04:06] [main/INFO]: Loaded 156 recipes
[22:04:06] [main/INFO]: Deserializing default trades of profession: villagersplus:alchemist
[22:04:06] [main/INFO]: Deserializing default trades of profession: villagersplus:horticulturist
[22:04:06] [main/INFO]: Deserializing default trades of profession: villagersplus:occultist
[22:04:06] [main/INFO]: Deserializing default trades of profession: villagersplus:oceanographer
[22:04:06] [main/INFO]: Reloading grave shape (server)
[22:04:06] [main/INFO]: Grave model and shape reload successful (server)
[22:04:06] [main/INFO]: Reloading YIGD graveyard data (server)
[22:04:06] [main/INFO]: Graveyard data successfully reloaded (server)
[22:04:06] [main/INFO]: Reloading YIGD grave area overrides (server)
[22:04:06] [main/INFO]: Grave area overrides successfully reloaded (server)
[22:04:06] [main/WARN]: Not all defined tags for registry ResourceKey[minecraft:root / minecraft:worldgen/biome] are present in data pack: c:biomes_that_dont_exist
[22:04:07] [main/INFO]: Applied 18 data villager trades
[22:04:07] [main/INFO]: Finished additional setup in 0 ms
[22:04:07] [main/ERROR]: Trade result entry is set to required but minecraft:oak_branch item does not exist.
[22:04:07] [main/ERROR]: Trade result entry is set to required but minecraft:oak_shrub item does not exist.
[22:04:07] [main/ERROR]: [worlds_together] Unable to parse Version in jar:file:///workspaces/chivito/servidor_minecraft/mods/wither_spawn_fix-MC1.20.1-1.0.0.jar
[22:04:07] [main/ERROR]: [worlds_together] Unable to parse Version in jar:file:///workspaces/chivito/servidor_minecraft/mods/naturalist-5.0pre3+fabric-1.20.1.jar
[22:04:07] [main/ERROR]: [worlds_together] Unable to parse Version in jar:file:///workspaces/chivito/servidor_minecraft/mods/oceansdelight-fdrf-fabric-1.0.2-1.20.jar
[22:04:07] [main/ERROR]: [worlds_together] Unable to parse Version in jar:file:///workspaces/chivito/servidor_minecraft/mods/ends_delight-refabricated-1.20.1-2.5.jar
[22:04:07] [main/ERROR]: [worlds_together] Unable to parse Version in jar:file:///workspaces/chivito/servidor_minecraft/mods/netherdepthsupgrade-fabric-3.1.6-1.20.jar
[22:04:07] [main/ERROR]: [worlds_together] Unable to read name in jar:file:///workspaces/chivito/servidor_minecraft/mods/Essential_1-3-10-8_fabric_1-20-1.jar.disabled
[22:04:07] [main/ERROR]: [worlds_together] Unable to parse Version in jar:file:///workspaces/chivito/servidor_minecraft/mods/create-new-age-1.1.7f+fabric-mc1.20.1.jar
[22:04:07] [main/INFO]: [bclib] Updating Pickers for BCLib - The End  BiomeSource (b3e7abf)
[22:04:07] [main/INFO]: [bclib] Updating Pickers for BCLib - Nether BiomeSource (5b5bf9d0)
[22:04:08] [main/WARN]: Initial datapack load took 21.41 s
[22:04:08] [main/INFO]: Mixing server.MixinDedicatedServer from mixins/common/nochatreports.mixins.json into net.minecraft.class_3176
[22:04:08] [main/INFO]: Mixing server.MixinPlayerList from mixins/common/nochatreports.mixins.json into net.minecraft.class_3324
[22:04:09] [main/INFO]: Initialized TerraBlender biomes for level stem minecraft:overworld
[22:04:09] [main/INFO]: Applied 13527 biome modifications to 227 of 227 new biomes in 316.2 ms
[22:04:09] [Server thread/INFO]: Loading server config for barteringstation
[22:04:09] [Server thread/INFO]: Loading server config for leavesbegone
[22:04:09] [Server thread/INFO]: Loading server config for magnumtorch
[22:04:09] [Thread-9/INFO]: Reloading server config for magnumtorch
[22:04:09] [Server thread/INFO]: Loading server config for mutantmonsters
[22:04:09] [Thread-9/INFO]: Reloading server config for mutantmonsters
[22:04:09] [Server thread/INFO]: Loading server config for netherchested
[22:04:09] [Server thread/INFO]: Loading server config for puzzlesapi
[22:04:09] [Thread-9/INFO]: Reloading server config for mutantmonsters
[22:04:09] [Server thread/INFO]: Loading server config for tradingpost
[22:04:09] [Server thread/INFO]: loaded team data: 2 known players, 2 teams total
[22:04:09] [Server thread/INFO]: Config 'explorations.json' was successfully loaded.
[22:04:09] [Server thread/INFO]: Added statues to vanilla villages
[22:04:09] [Server thread/INFO]: Adding waystone fwaystones:village_waystone to village kaisyn:village/sparse_jungle_polynesian/houses
[22:04:09] [Server thread/INFO]: Adding waystone fwaystones:village_waystone to village kaisyn:village/flower_forest_japanese/houses
[22:04:09] [Server thread/INFO]: Adding waystone fwaystones:village_waystone to village kaisyn:village/swamp_boat/houses
[22:04:09] [Server thread/INFO]: Adding waystone fwaystones:village_waystone to village minecraft:village/savanna/houses
[22:04:09] [Server thread/INFO]: Adding waystone fwaystones:village_waystone to village minecraft:village/plains/houses
[22:04:09] [Server thread/INFO]: Adding waystone fwaystones:village_waystone to village kaisyn:village/badlands_pueblo/houses
[22:04:09] [Server thread/INFO]: Adding waystone fwaystones:village_waystone to village kaisyn:village/sunflower_plains_farm/side/farms
[22:04:09] [Server thread/INFO]: Adding waystone fwaystones:village_waystone to village kaisyn:village/exclusives/tudor/houses
[22:04:09] [Server thread/INFO]: Adding waystone fwaystones:village_waystone to village kaisyn:village/exclusives/mediterranean/houses/regular
[22:04:09] [Server thread/INFO]: Adding waystone fwaystones:village_waystone to village kaisyn:village/snowy_slopes_inn/decor
[22:04:09] [Server thread/INFO]: Adding waystone fwaystones:village_waystone to village kaisyn:village/grove_villager_outpost/decor
[22:04:09] [Server thread/INFO]: Adding waystone fwaystones:village_waystone to village minecraft:village/taiga/houses
[22:04:09] [Server thread/INFO]: Adding waystone fwaystones:village_waystone to village kaisyn:village/meadow_swiss/houses
[22:04:09] [Server thread/INFO]: Adding waystone fwaystones:village_waystone to village kaisyn:village/exclusives/iberian/houses
[22:04:09] [Server thread/INFO]: Adding waystone fwaystones:village_waystone to village kaisyn:village/snowy_taiga_viking/houses
[22:04:09] [Server thread/INFO]: Adding waystone fwaystones:village_waystone to village kaisyn:village/birch_forest_romanian/houses
[22:04:09] [Server thread/INFO]: Adding waystone fwaystones:village_waystone to village kaisyn:village/jungle_tribal/houses
[22:04:09] [Server thread/INFO]: Adding waystone fwaystones:village_waystone to village kaisyn:village/beach_lighthouse/side/cross
[22:04:09] [Server thread/INFO]: Adding waystone fwaystones:village_waystone to village minecraft:village/snowy/houses
[22:04:09] [Server thread/INFO]: Adding waystone fwaystones:village_waystone to village kaisyn:village/mushroom_fields_fantasy/houses
[22:04:09] [Server thread/INFO]: Adding waystone fwaystones:village_waystone to village kaisyn:village/old_growth_taiga_polish/houses
[22:04:09] [Server thread/INFO]: Adding waystone fwaystones:village_waystone to village kaisyn:village/exclusives/rustic/houses
[22:04:09] [Server thread/INFO]: Adding waystone fwaystones:desert_village_waystone to village minecraft:village/desert/houses
[22:04:09] [Server thread/INFO]: Adding waystone fwaystones:village_waystone to village kaisyn:village/exclusives/swedish/houses
[22:04:09] [Server thread/INFO]: [puffish_skills] Mod configuration loaded successfully!
[22:04:10] [Server thread/INFO]: [puffish_skills] Data pack `simplyskills` loaded successfully!
[22:04:10] [Server thread/INFO]: Starting background profiler...
[22:04:11] [Server thread/INFO]: [STDERR]: Spell Engine: Failed to parse spell: spellbladenext:spells/lightningsmite.json | Reason: com.google.gson.stream.MalformedJsonException: Expected name at line 12 column 4 path $.cast.animation
[22:04:11] [Server thread/INFO]: [STDOUT]: Encoded SpellRegistry size (with package overhead): 768681 bytes (in 77 string chunks with the size of 10000)
[22:04:11] [Server thread/INFO]: Initializing environment controller...
[22:04:11] [Server thread/INFO]: Scanning class appeng.server.testplots.TestPlots for plots
[22:04:11] [Server thread/INFO]: Scanning class appeng.server.testplots.AutoCraftingTestPlots for plots
[22:04:11] [Server thread/INFO]: Scanning class appeng.server.testplots.InscriberTestPlots for plots
[22:04:11] [Server thread/INFO]: Scanning class appeng.server.testplots.P2PTestPlots for plots
[22:04:11] [Server thread/INFO]: Scanning class appeng.server.testplots.ItemP2PTestPlots for plots
[22:04:11] [Server thread/INFO]: Scanning class appeng.server.testplots.MemoryCardTestPlots for plots
[22:04:11] [Server thread/INFO]: Scanning class appeng.server.testplots.PatternProviderLockModePlots for plots
[22:04:11] [Server thread/INFO]: Scanning class appeng.server.testplots.PatternProviderPlots for plots
[22:04:11] [Server thread/INFO]: Scanning class appeng.server.testplots.SpatialTestPlots for plots
[22:04:11] [Server thread/INFO]: Scanning class appeng.server.testplots.QnbTestPlots for plots
[22:04:11] [Server thread/INFO]: Scanning class appeng.server.testplots.GuidebookPlot for plots
[22:04:11] [Server thread/INFO]: Scanning class appeng.server.testplots.SubnetPlots for plots
[22:04:11] [Server thread/INFO]: Scanning class appeng.server.testplots.ChannelTests for plots
[22:04:11] [Server thread/INFO]: Scanning class appeng.server.testplots.AnnihilationPlaneTests for plots
[22:04:11] [Server thread/INFO]: Scanning class de.mari_023.ae2wtlib.AE2WTLibTestPlots for plots
[22:04:11] [Server thread/INFO]: Loading XaeroLib common 2/2!
[22:04:11] [Server thread/INFO]: Loading XaeroLib server 2/2!
[22:04:11] [Server thread/INFO]: Starting minecraft server version 1.20.1
[22:04:11] [Server thread/INFO]: Loading properties
[22:04:11] [Server thread/INFO]: Default game type: SURVIVAL
[22:04:11] [Server thread/INFO]: Generating keypair
[22:04:11] [Server thread/INFO]: Starting Minecraft server on *:25565
[22:04:11] [Server thread/INFO]: Using epoll channel type
[22:04:11] [Server thread/WARN]: **** SERVER IS RUNNING IN OFFLINE/INSECURE MODE!
[22:04:11] [Server thread/WARN]: The server will make no attempt to authenticate usernames. Beware.
[22:04:11] [Server thread/WARN]: While this makes the game possible to play without internet access, it also opens up the ability for hackers to connect with any username they choose.
[22:04:11] [Server thread/WARN]: To change this, set "online-mode" to "true" in the server.properties file.
[22:04:11] [Server thread/INFO]: [betternether] Freeze Registry[ResourceKey[minecraft:root / worlds_together:worldgen/betterx/surface_rules] (Stable)]
[22:04:11] [Server thread/INFO]: Preparing level "world"
[22:04:11] [Server thread/INFO]: Initializing Open Parties and Claims for the server...
[22:04:11] [Server thread/INFO]: Loading server info!
[22:04:11] [Server thread/INFO]: Loading player configs...
[22:04:12] [Server thread/INFO]: Loaded player configs!
[22:04:12] [Server thread/INFO]: Loading parties...
[22:04:12] [Server thread/INFO]: Loaded parties!
[22:04:12] [Server thread/INFO]: Fixing party inconsistencies...
[22:04:12] [Server thread/INFO]: Registered party system for OPAC: default
[22:04:12] [Server thread/INFO]: Registered party system for OPAC: ftb_teams
[22:04:12] [Server thread/INFO]: Registered permission system for OPAC: permission_api
[22:04:12] [Server thread/INFO]: Loading claims...
[22:04:12] [Server thread/INFO]: Loaded claims in 1ms
[22:04:12] [Server thread/WARN]: The configured permission system "prometheus" isn't registered!
[22:04:12] [Server thread/INFO]: Configured OPAC to use the following permission system: permission_api
[22:04:12] [Server thread/WARN]: The configured primary party system "argonauts_guilds" isn't registered!
[22:04:12] [Server thread/INFO]: Configured OPAC to use the following party system as primary: default
[22:04:12] [Server thread/INFO]: [bclib] 
Apply Modifications for minecells:black_bridge
    class_1992 (310a83aa)
        biomes     = 1
        namespaces = minecells(1)
[22:04:12] [Server thread/INFO]: [bclib] 
Apply Modifications for ad_astra:glacio_orbit
    class_1992 (96137ac)
        biomes     = 1
        namespaces = ad_astra(1)
[22:04:12] [Server thread/INFO]: [bclib] 
Apply Modifications for graveyard:past
    class_4766 (f0251cc)
        biomes     = 53
        namespaces = minecraft(53)
[22:04:12] [Server thread/INFO]: [bclib] 
Apply Modifications for ad_astra:earth_orbit
    class_1992 (5e26cc96)
        biomes     = 1
        namespaces = ad_astra(1)
[22:04:12] [Server thread/INFO]: [bclib] 
Apply Modifications for minecells:insufferable_crypt
    class_1992 (22535166)
        biomes     = 1
        namespaces = minecells(1)
[22:04:12] [Server thread/INFO]: [bclib] 
Apply Modifications for ad_astra:moon_orbit
    class_1992 (46eabdf0)
        biomes     = 1
        namespaces = ad_astra(1)
[22:04:12] [Server thread/INFO]: [bclib] 
Apply Modifications for ad_astra:mars_orbit
    class_1992 (56bbeb61)
        biomes     = 1
        namespaces = ad_astra(1)
[22:04:12] [Server thread/INFO]: [bclib] 
Apply Modifications for deeperdarker:otherside
    class_4766 (6ff136b3)
        biomes     = 4
        namespaces = deeperdarker(4)
[22:04:12] [Server thread/INFO]: [bclib] 
Apply Modifications for ad_astra:mercury_orbit
    class_1992 (528ab229)
        biomes     = 1
        namespaces = ad_astra(1)
[22:04:12] [Server thread/INFO]: [bclib] 
Apply Modifications for ad_astra:mercury
    class_4766 (700429c2)
        biomes     = 1
        namespaces = ad_astra(1)
[22:04:12] [Server thread/INFO]: [bclib] 
Apply Modifications for ad_astra:glacio
    class_4766 (316b771a)
        biomes     = 2
        namespaces = ad_astra(2)
[22:04:12] [Server thread/INFO]: [bclib] 
Apply Modifications for the_bumblezone:the_bumblezone
    BzBiomeSource (40feb772)
        biomes     = 9
        namespaces = the_bumblezone(9)
[22:04:12] [Server thread/INFO]: [bclib] 
Apply Modifications for minecells:prison
    class_1992 (1f55a7f3)
        biomes     = 1
        namespaces = minecells(1)
[22:04:12] [Server thread/INFO]: [bclib] 
Apply Modifications for prominent:vaaz_volcano
    class_1992 (7bf1362a)
        biomes     = 1
        namespaces = prominent(1)
[22:04:12] [Server thread/INFO]: [bclib] 
Apply Modifications for ad_astra:mars
    class_4766 (390a4b38)
        biomes     = 3
        namespaces = ad_astra(3)
[22:04:12] [Server thread/INFO]: [bclib] 
Apply Modifications for minecraft:the_end
    BCLib - The End  BiomeSource (b3e7abf)
        biomes     = 28
        namespaces = betterend(19), eldritch_end(2), minecraft(5), promenade(2)
        seed       = 4969013332642956256
        height     = 128
        deciders   = 1
        config     = BCLEndBiomeSourceConfig{mapVersion=hex, generatorVersion=paulevs, withVoidBiomes=true, innerVoidRadiusSquared=1048576, voidBiomesSize=256, centerBiomesSize=256, landBiomesSize=256, barrensBiomesSize=256}
[22:04:12] [Server thread/INFO]: [bclib] 
Apply Modifications for ad_astra:venus
    class_4766 (2a976f58)
        biomes     = 2
        namespaces = ad_astra(2)
[22:04:12] [Server thread/INFO]: [bclib] 
Apply Modifications for ad_astra:venus_orbit
    class_1992 (5d54b5d6)
        biomes     = 1
        namespaces = ad_astra(1)
[22:04:12] [Server thread/INFO]: [bclib] 
Apply Modifications for minecraft:the_nether
    BCLib - Nether BiomeSource (5b5bf9d0)
        biomes     = 32
        namespaces = betternether(22), regions_unexplored(5), minecraft(5)
        seed       = 4969013332642956256
        height     = 128
        config     = BCLibNetherBiomeSourceConfig{mapVersion=hex, useVerticalBiomes=true, amplified=false, biomeSize=256, biomeSizeVertical=86}
[22:04:12] [Server thread/INFO]: [bclib] 
Apply Modifications for ad_astra:moon
    class_1992 (7059cd45)
        biomes     = 1
        namespaces = ad_astra(1)
[22:04:12] [Server thread/INFO]: [bclib] 
Apply Modifications for minecells:ramparts
    class_1992 (bdc38b9)
        biomes     = 1
        namespaces = minecells(1)
[22:04:12] [Server thread/INFO]: [bclib] 
Apply Modifications for prominent:cinderstone_depths
    class_1992 (53f91946)
        biomes     = 1
        namespaces = prominent(1)
[22:04:12] [Server thread/INFO]: [bclib] 
Apply Modifications for spellbladenext:glassocean
    class_1992 (71513786)
        biomes     = 1
        namespaces = spellbladenext(1)
[22:04:12] [Server thread/INFO]: [bclib] 
Apply Modifications for minecraft:overworld
    class_4766 (21d4d0d6)
        biomes     = 127
        namespaces = minecraft(53), riverredux(3), snifferplus(1), promenade(4), regions_unexplored(66)
[22:04:12] [Server thread/INFO]: [bclib] 
Apply Modifications for minecells:promenade
    class_1992 (5483f151)
        biomes     = 1
        namespaces = minecells(1)
[22:04:12] [Server thread/INFO]: [bclib] World Dimensions: 
 - minecells:black_bridge: 
     net.minecraft.class_2897@5640fd2b 
     class_1992 (310a83aa)
         biomes     = 1
         namespaces = minecells(1)
 - ad_astra:glacio_orbit: 
     net.minecraft.class_3754@acd7908 
     class_1992 (96137ac)
         biomes     = 1
         namespaces = ad_astra(1)
 - graveyard:past: 
     net.minecraft.class_3754@5e7a5ca2 
     class_4766 (f0251cc)
         biomes     = 53
         namespaces = minecraft(53)
 - ad_astra:earth_orbit: 
     net.minecraft.class_3754@3fc2fb63 
     class_1992 (5e26cc96)
         biomes     = 1
         namespaces = ad_astra(1)
 - minecells:insufferable_crypt: 
     net.minecraft.class_2897@2ec096c2 
     class_1992 (22535166)
         biomes     = 1
         namespaces = minecells(1)
 - ad_astra:moon_orbit: 
     net.minecraft.class_3754@6e5b5fad 
     class_1992 (46eabdf0)
         biomes     = 1
         namespaces = ad_astra(1)
 - ad_astra:mars_orbit: 
     net.minecraft.class_3754@7c6711f2 
     class_1992 (56bbeb61)
         biomes     = 1
         namespaces = ad_astra(1)
 - deeperdarker:otherside: 
     net.minecraft.class_3754@5be3aad7 
     class_4766 (6ff136b3)
         biomes     = 4
         namespaces = deeperdarker(4)
 - ad_astra:mercury_orbit: 
     net.minecraft.class_3754@16a6d10b 
     class_1992 (528ab229)
         biomes     = 1
         namespaces = ad_astra(1)
 - ad_astra:mercury: 
     net.minecraft.class_3754@36778007 
     class_4766 (700429c2)
         biomes     = 1
         namespaces = ad_astra(1)
 - ad_astra:glacio: 
     net.minecraft.class_3754@11e5c6b5 
     class_4766 (316b771a)
         biomes     = 2
         namespaces = ad_astra(2)
 - the_bumblezone:the_bumblezone: 
     com.telepathicgrunt.the_bumblezone.worldgen.dimension.BzChunkGenerator@20ba0d3f 
     BzBiomeSource (40feb772)
         biomes     = 9
         namespaces = the_bumblezone(9)
 - minecells:prison: 
     net.minecraft.class_2897@2aa5d64c 
     class_1992 (1f55a7f3)
         biomes     = 1
         namespaces = minecells(1)
 - prominent:vaaz_volcano: 
     net.minecraft.class_2897@b521f9e 
     class_1992 (7bf1362a)
         biomes     = 1
         namespaces = prominent(1)
 - ad_astra:mars: 
     net.minecraft.class_3754@3d19ede3 
     class_4766 (390a4b38)
         biomes     = 3
         namespaces = ad_astra(3)
 - minecraft:the_end: 
     BCLib - Chunk Generator (717cd3af) 
     BCLib - The End  BiomeSource (b3e7abf)
         biomes     = 28
         namespaces = betterend(19), eldritch_end(2), minecraft(5), promenade(2)
         seed       = 4969013332642956256
         height     = 128
         deciders   = 1
         config     = BCLEndBiomeSourceConfig{mapVersion=hex, generatorVersion=paulevs, withVoidBiomes=true, innerVoidRadiusSquared=1048576, voidBiomesSize=256, centerBiomesSize=256, landBiomesSize=256, barrensBiomesSize=256}
 - ad_astra:venus: 
     net.minecraft.class_3754@33943c88 
     class_4766 (2a976f58)
         biomes     = 2
         namespaces = ad_astra(2)
 - ad_astra:venus_orbit: 
     net.minecraft.class_3754@4aa2f478 
     class_1992 (5d54b5d6)
         biomes     = 1
         namespaces = ad_astra(1)
 - minecraft:the_nether: 
     BCLib - Chunk Generator (5827cd2f) 
     BCLib - Nether BiomeSource (5b5bf9d0)
         biomes     = 32
         namespaces = betternether(22), regions_unexplored(5), minecraft(5)
         seed       = 4969013332642956256
         height     = 128
         config     = BCLibNetherBiomeSourceConfig{mapVersion=hex, useVerticalBiomes=true, amplified=false, biomeSize=256, biomeSizeVertical=86}
 - ad_astra:moon: 
     net.minecraft.class_3754@213d35cf 
     class_1992 (7059cd45)
         biomes     = 1
         namespaces = ad_astra(1)
 - minecells:ramparts: 
     net.minecraft.class_3754@6df4c258 
     class_1992 (bdc38b9)
         biomes     = 1
         namespaces = minecells(1)
 - prominent:cinderstone_depths: 
     net.minecraft.class_2897@1ba2cdbb 
     class_1992 (53f91946)
         biomes     = 1
         namespaces = prominent(1)
 - spellbladenext:glassocean: 
     net.minecraft.class_2897@3a7cddf6 
     class_1992 (71513786)
         biomes     = 1
         namespaces = spellbladenext(1)
 - minecraft:overworld: 
     net.minecraft.class_3754@2c960e42 
     class_4766 (21d4d0d6)
         biomes     = 127
         namespaces = minecraft(53), riverredux(3), snifferplus(1), promenade(4), regions_unexplored(66)
 - minecells:promenade: 
     net.minecraft.class_3754@84c055a 
     class_1992 (5483f151)
         biomes     = 1
         namespaces = minecells(1)
[22:04:12] [Server thread/INFO]: [bclib] Merged 19 additional Surface Rules for 
BCLib - The End  BiomeSource (b3e7abf)
    biomes     = 28
    namespaces = betterend(19), eldritch_end(2), minecraft(5), promenade(2)
    seed       = 4969013332642956256
    height     = 128
    deciders   = 1
    config     = BCLEndBiomeSourceConfig{mapVersion=hex, generatorVersion=paulevs, withVoidBiomes=true, innerVoidRadiusSquared=1048576, voidBiomesSize=256, centerBiomesSize=256, landBiomesSize=256, barrensBiomesSize=256} => 20
[22:04:12] [Server thread/INFO]: [bclib] Merged 22 additional Surface Rules for 
BCLib - Nether BiomeSource (5b5bf9d0)
    biomes     = 32
    namespaces = betternether(22), regions_unexplored(5), minecraft(5)
    seed       = 4969013332642956256
    height     = 128
    config     = BCLibNetherBiomeSourceConfig{mapVersion=hex, useVerticalBiomes=true, amplified=false, biomeSize=256, biomeSizeVertical=86} => 74
[22:04:12] [Server thread/INFO]: Enforcing safe world random access
[22:04:12] [Server thread/WARN]: Lithium Class Analysis Error: Class org.betterx.bclib.blocks.BaseBlock cannot be analysed, because getting declared methods crashes with NoClassDefFoundError: net/minecraft/class_793. This is usually caused by modded entities declaring methods that have a return type or parameter type that is annotated with @Environment(value=EnvType.CLIENT). Loading the type is not possible, because it only exists in the CLIENT environment. The recommended fix is to annotate the method with this argument or return type with the same annotation. Lithium handles this error by assuming the class cannot be included in some optimizations.
[22:04:12] [Server thread/WARN]: Lithium Class Analysis Error: Class org.betterx.bclib.blocks.BaseBlock cannot be analysed, because getting declared methods crashes with NoClassDefFoundError: net/minecraft/class_793. This is usually caused by modded entities declaring methods that have a return type or parameter type that is annotated with @Environment(value=EnvType.CLIENT). Loading the type is not possible, because it only exists in the CLIENT environment. The recommended fix is to annotate the method with this argument or return type with the same annotation. Lithium handles this error by assuming the class cannot be included in some optimizations.
[22:04:12] [Server thread/WARN]: Lithium Class Analysis Error: Class org.betterx.bclib.blocks.BaseBlock cannot be analysed, because getting declared methods crashes with NoClassDefFoundError: net/minecraft/class_793. This is usually caused by modded entities declaring methods that have a return type or parameter type that is annotated with @Environment(value=EnvType.CLIENT). Loading the type is not possible, because it only exists in the CLIENT environment. The recommended fix is to annotate the method with this argument or return type with the same annotation. Lithium handles this error by assuming the class cannot be included in some optimizations.
[22:04:12] [Server thread/WARN]: Lithium Class Analysis Error: Class org.betterx.bclib.blocks.BaseBlock cannot be analysed, because getting declared methods crashes with NoClassDefFoundError: net/minecraft/class_793. This is usually caused by modded entities declaring methods that have a return type or parameter type that is annotated with @Environment(value=EnvType.CLIENT). Loading the type is not possible, because it only exists in the CLIENT environment. The recommended fix is to annotate the method with this argument or return type with the same annotation. Lithium handles this error by assuming the class cannot be included in some optimizations.
[22:04:12] [Server thread/WARN]: Lithium Class Analysis Error: Class org.betterx.bclib.blocks.BaseBlock cannot be analysed, because getting declared methods crashes with NoClassDefFoundError: net/minecraft/class_793. This is usually caused by modded entities declaring methods that have a return type or parameter type that is annotated with @Environment(value=EnvType.CLIENT). Loading the type is not possible, because it only exists in the CLIENT environment. The recommended fix is to annotate the method with this argument or return type with the same annotation. Lithium handles this error by assuming the class cannot be included in some optimizations.
[22:04:12] [Server thread/WARN]: Lithium Class Analysis Error: Class org.betterx.bclib.blocks.BaseBlock cannot be analysed, because getting declared methods crashes with NoClassDefFoundError: net/minecraft/class_793. This is usually caused by modded entities declaring methods that have a return type or parameter type that is annotated with @Environment(value=EnvType.CLIENT). Loading the type is not possible, because it only exists in the CLIENT environment. The recommended fix is to annotate the method with this argument or return type with the same annotation. Lithium handles this error by assuming the class cannot be included in some optimizations.
[22:04:12] [Server thread/WARN]: Lithium Class Analysis Error: Class org.betterx.bclib.blocks.BaseBlock cannot be analysed, because getting declared methods crashes with NoClassDefFoundError: net/minecraft/class_793. This is usually caused by modded entities declaring methods that have a return type or parameter type that is annotated with @Environment(value=EnvType.CLIENT). Loading the type is not possible, because it only exists in the CLIENT environment. The recommended fix is to annotate the method with this argument or return type with the same annotation. Lithium handles this error by assuming the class cannot be included in some optimizations.
[22:04:12] [Server thread/WARN]: Lithium Class Analysis Error: Class org.betterx.bclib.blocks.BaseBlock cannot be analysed, because getting declared methods crashes with NoClassDefFoundError: net/minecraft/class_793. This is usually caused by modded entities declaring methods that have a return type or parameter type that is annotated with @Environment(value=EnvType.CLIENT). Loading the type is not possible, because it only exists in the CLIENT environment. The recommended fix is to annotate the method with this argument or return type with the same annotation. Lithium handles this error by assuming the class cannot be included in some optimizations.
[22:04:12] [Server thread/WARN]: Lithium Class Analysis Error: Class org.betterx.bclib.blocks.BaseBlock cannot be analysed, because getting declared methods crashes with NoClassDefFoundError: net/minecraft/class_793. This is usually caused by modded entities declaring methods that have a return type or parameter type that is annotated with @Environment(value=EnvType.CLIENT). Loading the type is not possible, because it only exists in the CLIENT environment. The recommended fix is to annotate the method with this argument or return type with the same annotation. Lithium handles this error by assuming the class cannot be included in some optimizations.
[22:04:12] [Server thread/WARN]: Lithium Class Analysis Error: Class org.betterx.bclib.blocks.BaseBlock cannot be analysed, because getting declared methods crashes with NoClassDefFoundError: net/minecraft/class_793. This is usually caused by modded entities declaring methods that have a return type or parameter type that is annotated with @Environment(value=EnvType.CLIENT). Loading the type is not possible, because it only exists in the CLIENT environment. The recommended fix is to annotate the method with this argument or return type with the same annotation. Lithium handles this error by assuming the class cannot be included in some optimizations.
[22:04:12] [Server thread/WARN]: Lithium Class Analysis Error: Class org.betterx.bclib.blocks.BaseBlock cannot be analysed, because getting declared methods crashes with NoClassDefFoundError: net/minecraft/class_793. This is usually caused by modded entities declaring methods that have a return type or parameter type that is annotated with @Environment(value=EnvType.CLIENT). Loading the type is not possible, because it only exists in the CLIENT environment. The recommended fix is to annotate the method with this argument or return type with the same annotation. Lithium handles this error by assuming the class cannot be included in some optimizations.
[22:04:12] [Server thread/WARN]: Lithium Class Analysis Error: Class org.betterx.bclib.blocks.BaseBlock cannot be analysed, because getting declared methods crashes with NoClassDefFoundError: net/minecraft/class_793. This is usually caused by modded entities declaring methods that have a return type or parameter type that is annotated with @Environment(value=EnvType.CLIENT). Loading the type is not possible, because it only exists in the CLIENT environment. The recommended fix is to annotate the method with this argument or return type with the same annotation. Lithium handles this error by assuming the class cannot be included in some optimizations.
[22:04:12] [Server thread/WARN]: Lithium Class Analysis Error: Class org.betterx.bclib.blocks.BaseBlock cannot be analysed, because getting declared methods crashes with NoClassDefFoundError: net/minecraft/class_793. This is usually caused by modded entities declaring methods that have a return type or parameter type that is annotated with @Environment(value=EnvType.CLIENT). Loading the type is not possible, because it only exists in the CLIENT environment. The recommended fix is to annotate the method with this argument or return type with the same annotation. Lithium handles this error by assuming the class cannot be included in some optimizations.
[22:04:12] [Server thread/WARN]: Lithium Class Analysis Error: Class org.betterx.bclib.blocks.BaseBlock cannot be analysed, because getting declared methods crashes with NoClassDefFoundError: net/minecraft/class_793. This is usually caused by modded entities declaring methods that have a return type or parameter type that is annotated with @Environment(value=EnvType.CLIENT). Loading the type is not possible, because it only exists in the CLIENT environment. The recommended fix is to annotate the method with this argument or return type with the same annotation. Lithium handles this error by assuming the class cannot be included in some optimizations.
[22:04:12] [Server thread/WARN]: Lithium Class Analysis Error: Class org.betterx.bclib.blocks.BaseBlock cannot be analysed, because getting declared methods crashes with NoClassDefFoundError: net/minecraft/class_793. This is usually caused by modded entities declaring methods that have a return type or parameter type that is annotated with @Environment(value=EnvType.CLIENT). Loading the type is not possible, because it only exists in the CLIENT environment. The recommended fix is to annotate the method with this argument or return type with the same annotation. Lithium handles this error by assuming the class cannot be included in some optimizations.
[22:04:12] [Server thread/WARN]: Lithium Class Analysis Error: Class org.betterx.bclib.blocks.BaseBlock cannot be analysed, because getting declared methods crashes with NoClassDefFoundError: net/minecraft/class_793. This is usually caused by modded entities declaring methods that have a return type or parameter type that is annotated with @Environment(value=EnvType.CLIENT). Loading the type is not possible, because it only exists in the CLIENT environment. The recommended fix is to annotate the method with this argument or return type with the same annotation. Lithium handles this error by assuming the class cannot be included in some optimizations.
[22:04:12] [Server thread/WARN]: Lithium Class Analysis Error: Class org.betterx.bclib.blocks.BaseBlock cannot be analysed, because getting declared methods crashes with NoClassDefFoundError: net/minecraft/class_793. This is usually caused by modded entities declaring methods that have a return type or parameter type that is annotated with @Environment(value=EnvType.CLIENT). Loading the type is not possible, because it only exists in the CLIENT environment. The recommended fix is to annotate the method with this argument or return type with the same annotation. Lithium handles this error by assuming the class cannot be included in some optimizations.
[22:04:12] [Server thread/WARN]: Lithium Class Analysis Error: Class org.betterx.bclib.blocks.BaseBlock cannot be analysed, because getting declared methods crashes with NoClassDefFoundError: net/minecraft/class_793. This is usually caused by modded entities declaring methods that have a return type or parameter type that is annotated with @Environment(value=EnvType.CLIENT). Loading the type is not possible, because it only exists in the CLIENT environment. The recommended fix is to annotate the method with this argument or return type with the same annotation. Lithium handles this error by assuming the class cannot be included in some optimizations.
[22:04:12] [Server thread/WARN]: Lithium Class Analysis Error: Class org.betterx.bclib.blocks.BaseBlock cannot be analysed, because getting declared methods crashes with NoClassDefFoundError: net/minecraft/class_793. This is usually caused by modded entities declaring methods that have a return type or parameter type that is annotated with @Environment(value=EnvType.CLIENT). Loading the type is not possible, because it only exists in the CLIENT environment. The recommended fix is to annotate the method with this argument or return type with the same annotation. Lithium handles this error by assuming the class cannot be included in some optimizations.
[22:04:12] [Server thread/WARN]: Lithium Class Analysis Error: Class org.betterx.bclib.blocks.BaseBlock cannot be analysed, because getting declared methods crashes with NoClassDefFoundError: net/minecraft/class_793. This is usually caused by modded entities declaring methods that have a return type or parameter type that is annotated with @Environment(value=EnvType.CLIENT). Loading the type is not possible, because it only exists in the CLIENT environment. The recommended fix is to annotate the method with this argument or return type with the same annotation. Lithium handles this error by assuming the class cannot be included in some optimizations.
[22:04:12] [Server thread/WARN]: Lithium Class Analysis Error: Class org.betterx.bclib.blocks.BaseBlock cannot be analysed, because getting declared methods crashes with NoClassDefFoundError: net/minecraft/class_793. This is usually caused by modded entities declaring methods that have a return type or parameter type that is annotated with @Environment(value=EnvType.CLIENT). Loading the type is not possible, because it only exists in the CLIENT environment. The recommended fix is to annotate the method with this argument or return type with the same annotation. Lithium handles this error by assuming the class cannot be included in some optimizations.
[22:04:12] [Server thread/WARN]: Lithium Class Analysis Error: Class org.betterx.bclib.blocks.BaseBlock cannot be analysed, because getting declared methods crashes with NoClassDefFoundError: net/minecraft/class_793. This is usually caused by modded entities declaring methods that have a return type or parameter type that is annotated with @Environment(value=EnvType.CLIENT). Loading the type is not possible, because it only exists in the CLIENT environment. The recommended fix is to annotate the method with this argument or return type with the same annotation. Lithium handles this error by assuming the class cannot be included in some optimizations.
[22:04:12] [Server thread/WARN]: Lithium Class Analysis Error: Class org.betterx.bclib.blocks.BaseBlock cannot be analysed, because getting declared methods crashes with NoClassDefFoundError: net/minecraft/class_793. This is usually caused by modded entities declaring methods that have a return type or parameter type that is annotated with @Environment(value=EnvType.CLIENT). Loading the type is not possible, because it only exists in the CLIENT environment. The recommended fix is to annotate the method with this argument or return type with the same annotation. Lithium handles this error by assuming the class cannot be included in some optimizations.
[22:04:12] [Server thread/WARN]: Lithium Class Analysis Error: Class org.betterx.bclib.blocks.BaseBlock cannot be analysed, because getting declared methods crashes with NoClassDefFoundError: net/minecraft/class_793. This is usually caused by modded entities declaring methods that have a return type or parameter type that is annotated with @Environment(value=EnvType.CLIENT). Loading the type is not possible, because it only exists in the CLIENT environment. The recommended fix is to annotate the method with this argument or return type with the same annotation. Lithium handles this error by assuming the class cannot be included in some optimizations.
[22:04:12] [Server thread/WARN]: Lithium Class Analysis Error: Class org.betterx.bclib.blocks.BaseBlock cannot be analysed, because getting declared methods crashes with NoClassDefFoundError: net/minecraft/class_793. This is usually caused by modded entities declaring methods that have a return type or parameter type that is annotated with @Environment(value=EnvType.CLIENT). Loading the type is not possible, because it only exists in the CLIENT environment. The recommended fix is to annotate the method with this argument or return type with the same annotation. Lithium handles this error by assuming the class cannot be included in some optimizations.
[22:04:12] [Server thread/WARN]: Lithium Class Analysis Error: Class org.betterx.bclib.blocks.BaseBlock cannot be analysed, because getting declared methods crashes with NoClassDefFoundError: net/minecraft/class_793. This is usually caused by modded entities declaring methods that have a return type or parameter type that is annotated with @Environment(value=EnvType.CLIENT). Loading the type is not possible, because it only exists in the CLIENT environment. The recommended fix is to annotate the method with this argument or return type with the same annotation. Lithium handles this error by assuming the class cannot be included in some optimizations.
[22:04:12] [Server thread/WARN]: Lithium Class Analysis Error: Class org.betterx.bclib.blocks.BaseBlock cannot be analysed, because getting declared methods crashes with NoClassDefFoundError: net/minecraft/class_793. This is usually caused by modded entities declaring methods that have a return type or parameter type that is annotated with @Environment(value=EnvType.CLIENT). Loading the type is not possible, because it only exists in the CLIENT environment. The recommended fix is to annotate the method with this argument or return type with the same annotation. Lithium handles this error by assuming the class cannot be included in some optimizations.
[22:04:12] [Server thread/WARN]: Lithium Class Analysis Error: Class org.betterx.bclib.blocks.BaseBlock cannot be analysed, because getting declared methods crashes with NoClassDefFoundError: net/minecraft/class_793. This is usually caused by modded entities declaring methods that have a return type or parameter type that is annotated with @Environment(value=EnvType.CLIENT). Loading the type is not possible, because it only exists in the CLIENT environment. The recommended fix is to annotate the method with this argument or return type with the same annotation. Lithium handles this error by assuming the class cannot be included in some optimizations.
[22:04:12] [Server thread/WARN]: Lithium Class Analysis Error: Class org.betterx.bclib.blocks.BaseLeavesBlock cannot be analysed, because getting declared methods crashes with NoClassDefFoundError: net/minecraft/class_793. This is usually caused by modded entities declaring methods that have a return type or parameter type that is annotated with @Environment(value=EnvType.CLIENT). Loading the type is not possible, because it only exists in the CLIENT environment. The recommended fix is to annotate the method with this argument or return type with the same annotation. Lithium handles this error by assuming the class cannot be included in some optimizations.
[22:04:12] [Server thread/WARN]: Lithium Class Analysis Error: Class org.betterx.bclib.blocks.BaseLeavesBlock cannot be analysed, because getting declared methods crashes with NoClassDefFoundError: net/minecraft/class_793. This is usually caused by modded entities declaring methods that have a return type or parameter type that is annotated with @Environment(value=EnvType.CLIENT). Loading the type is not possible, because it only exists in the CLIENT environment. The recommended fix is to annotate the method with this argument or return type with the same annotation. Lithium handles this error by assuming the class cannot be included in some optimizations.
[22:04:12] [Server thread/WARN]: Lithium Class Analysis Error: Class org.betterx.bclib.blocks.BaseLeavesBlock cannot be analysed, because getting declared methods crashes with NoClassDefFoundError: net/minecraft/class_793. This is usually caused by modded entities declaring methods that have a return type or parameter type that is annotated with @Environment(value=EnvType.CLIENT). Loading the type is not possible, because it only exists in the CLIENT environment. The recommended fix is to annotate the method with this argument or return type with the same annotation. Lithium handles this error by assuming the class cannot be included in some optimizations.
[22:04:12] [Server thread/WARN]: Lithium Class Analysis Error: Class org.betterx.bclib.blocks.BaseLeavesBlock cannot be analysed, because getting declared methods crashes with NoClassDefFoundError: net/minecraft/class_793. This is usually caused by modded entities declaring methods that have a return type or parameter type that is annotated with @Environment(value=EnvType.CLIENT). Loading the type is not possible, because it only exists in the CLIENT environment. The recommended fix is to annotate the method with this argument or return type with the same annotation. Lithium handles this error by assuming the class cannot be included in some optimizations.
[22:04:12] [Server thread/WARN]: Lithium Class Analysis Error: Class org.betterx.bclib.blocks.BaseLeavesBlock cannot be analysed, because getting declared methods crashes with NoClassDefFoundError: net/minecraft/class_793. This is usually caused by modded entities declaring methods that have a return type or parameter type that is annotated with @Environment(value=EnvType.CLIENT). Loading the type is not possible, because it only exists in the CLIENT environment. The recommended fix is to annotate the method with this argument or return type with the same annotation. Lithium handles this error by assuming the class cannot be included in some optimizations.
[22:04:12] [Server thread/WARN]: Lithium Class Analysis Error: Class org.betterx.bclib.blocks.BaseLeavesBlock cannot be analysed, because getting declared methods crashes with NoClassDefFoundError: net/minecraft/class_793. This is usually caused by modded entities declaring methods that have a return type or parameter type that is annotated with @Environment(value=EnvType.CLIENT). Loading the type is not possible, because it only exists in the CLIENT environment. The recommended fix is to annotate the method with this argument or return type with the same annotation. Lithium handles this error by assuming the class cannot be included in some optimizations.
[22:04:12] [Server thread/WARN]: Lithium Class Analysis Error: Class org.betterx.bclib.blocks.BaseBlock cannot be analysed, because getting declared methods crashes with NoClassDefFoundError: net/minecraft/class_793. This is usually caused by modded entities declaring methods that have a return type or parameter type that is annotated with @Environment(value=EnvType.CLIENT). Loading the type is not possible, because it only exists in the CLIENT environment. The recommended fix is to annotate the method with this argument or return type with the same annotation. Lithium handles this error by assuming the class cannot be included in some optimizations.
[22:04:12] [Server thread/WARN]: Lithium Class Analysis Error: Class org.betterx.bclib.blocks.BaseBlock cannot be analysed, because getting declared methods crashes with NoClassDefFoundError: net/minecraft/class_793. This is usually caused by modded entities declaring methods that have a return type or parameter type that is annotated with @Environment(value=EnvType.CLIENT). Loading the type is not possible, because it only exists in the CLIENT environment. The recommended fix is to annotate the method with this argument or return type with the same annotation. Lithium handles this error by assuming the class cannot be included in some optimizations.
[22:04:12] [Server thread/INFO]: Ignoring world 'minecells:black_bridge'; unknown dimension type: minecells:black_bridge
[22:04:12] [Server thread/INFO]: Ignoring world 'ad_astra:glacio_orbit'; unknown dimension type: ad_astra:glacio_orbit
[22:04:12] [Server thread/INFO]: Ignoring world 'graveyard:past'; unknown dimension type: graveyard:past
[22:04:12] [Server thread/INFO]: Ignoring world 'ad_astra:earth_orbit'; unknown dimension type: ad_astra:earth_orbit
[22:04:13] [Server thread/INFO]: Ignoring world 'minecells:insufferable_crypt'; unknown dimension type: minecells:prison
[22:04:13] [Server thread/INFO]: Ignoring world 'ad_astra:moon_orbit'; unknown dimension type: ad_astra:moon_orbit
[22:04:13] [Server thread/INFO]: Ignoring world 'ad_astra:mars_orbit'; unknown dimension type: ad_astra:mars_orbit
[22:04:13] [Server thread/INFO]: Ignoring world 'deeperdarker:otherside'; unknown dimension type: deeperdarker:otherside
[22:04:13] [Server thread/INFO]: Ignoring world 'ad_astra:mercury_orbit'; unknown dimension type: ad_astra:mercury_orbit
[22:04:13] [Server thread/INFO]: Ignoring world 'ad_astra:mercury'; unknown dimension type: ad_astra:mercury
[22:04:13] [Server thread/INFO]: Ignoring world 'ad_astra:glacio'; unknown dimension type: ad_astra:glacio
[22:04:13] [Server thread/INFO]: Ignoring world 'the_bumblezone:the_bumblezone'; unknown dimension type: the_bumblezone:the_bumblezone
[22:04:13] [Server thread/INFO]: Ignoring world 'minecells:prison'; unknown dimension type: minecells:prison
[22:04:13] [Server thread/INFO]: Ignoring world 'prominent:vaaz_volcano'; unknown dimension type: prominent:cinderstone_depths
[22:04:13] [Server thread/INFO]: Ignoring world 'ad_astra:mars'; unknown dimension type: ad_astra:mars
[22:04:13] [Server thread/INFO]: Ignoring world 'ad_astra:venus'; unknown dimension type: ad_astra:venus
[22:04:13] [Server thread/INFO]: Ignoring world 'ad_astra:venus_orbit'; unknown dimension type: ad_astra:venus_orbit
[22:04:13] [Server thread/INFO]: Ignoring world 'ad_astra:moon'; unknown dimension type: ad_astra:moon
[22:04:13] [Server thread/INFO]: Ignoring world 'minecells:ramparts'; unknown dimension type: minecells:ramparts
[22:04:13] [Server thread/INFO]: Ignoring world 'prominent:cinderstone_depths'; unknown dimension type: prominent:cinderstone_depths
[22:04:13] [Server thread/INFO]: Ignoring world 'spellbladenext:glassocean'; unknown dimension type: spellbladenext:glassocean
[22:04:13] [Server thread/INFO]: Ignoring world 'minecells:promenade'; unknown dimension type: minecells:promenade
[22:04:13] [Server thread/INFO]: Ignoring world 'ae2:spatial_storage'; unknown dimension type: ae2:spatial_storage
[22:04:13] [Server thread/INFO]: Loading dimension "minecraft:the_nether" with biome source: "bclib:nether_biome_source".
[22:04:13] [Server thread/WARN]: Non-unique structure_set salt:0 potentially creating overlapping structures detected. Structure sets: [minecraft:mineshafts, minecraft:strongholds, minecraft:buried_treasures]
[22:04:13] [Server thread/WARN]: Non-unique structure_set salt:10387313 potentially creating overlapping structures detected. Structure sets: [minecraft:ocean_monuments, minecraft:end_cities]
[22:04:13] [Server thread/WARN]: Non-unique structure_set salt:1646207470 potentially creating overlapping structures detected. Structure sets: [mobs_of_mythology:automaton_structure, soulsweapons:overworld_structures]
[22:04:13] [Server thread/WARN]: Non-unique structure_set salt:2043237655 potentially creating overlapping structures detected. Structure sets: [minecells:prison, minecells:promenade_wall_z, minecells:promenade_wall_x, minecells:insufferable_crypt, minecells:black_bridge, minecells:overworld_portal, minecells:ramparts]
[22:04:13] [Server thread/WARN]: Non-unique structure_set salt:784827271 potentially creating overlapping structures detected. Structure sets: [betterfortresses:fortress, betteroceanmonuments:ocean_monument]
[22:04:13] [Server thread/WARN]: Non-unique structure_set salt:265792644 potentially creating overlapping structures detected. Structure sets: [philipsruins:ancient_crypt, philipsruins:end_ruins]
[22:04:13] [Server thread/WARN]: Non-unique structure_set salt:499672 potentially creating overlapping structures detected. Structure sets: [bosses_of_mass_destruction:obsidilith_arena, bosses_of_mass_destruction:gauntlet_arena]
[22:04:13] [Server thread/WARN]: Non-unique structure_set salt:14357620 potentially creating overlapping structures detected. Structure sets: [minecraft:swamp_huts, promenade:witch_huts]
[22:04:13] [Server thread/WARN]: Non-unique structure_set salt:598017285 potentially creating overlapping structures detected. Structure sets: [graveyard:small_desert_graveyard_structure, graveyard:small_graveyard_structure]
[22:04:13] [Server thread/WARN]: Non-unique structure_set salt:1982700828 potentially creating overlapping structures detected. Structure sets: [integrated_villages:regular_villages, integrated_villages:air_villages]
[22:04:13] [Server thread/INFO]: Preparing start region for dimension minecraft:overworld
[22:04:13] [Server thread/WARN]: Method overwrite conflict for removeIf in modernfix-common.mixins.json:bugfix.paper_chunk_patches.SortedArraySetMixin from mod modernfix, previously written by me.jellysquid.mods.lithium.mixin.world.chunk_tickets.SortedArraySetMixin. Skipping method.
[22:04:13] [Server thread/INFO]: Preparing spawn area: 0%
[22:04:13] [Server thread/INFO]: Preparing spawn area: 0%
[22:04:14] [Server thread/INFO]: Preparing spawn area: 4%
[22:04:14] [Server thread/INFO]: Preparing spawn area: 9%
[22:04:15] [Server thread/INFO]: Preparing spawn area: 9%
[22:04:15] [Server thread/WARN]: @Redirect conflict. Skipping mixins.redirected_fabric_1.20.1.json:net.minecraft.world.level.block.piston.PistonStructureResolverMixin from mod redirected->@Redirect::redirectDirections()[Lnet/minecraft/class_2350; with priority 10, already redirected by lithium.mixins.json:alloc.enum_values.piston_handler.PistonHandlerMixin from mod lithium->@Redirect::removeAllocation()[Lnet/minecraft/class_2350; with priority 1000
[22:04:16] [Server thread/INFO]: Preparing spawn area: 9%
[22:04:16] [Server thread/INFO]: Preparing spawn area: 9%
[22:04:17] [Server thread/INFO]: Preparing spawn area: 9%
[22:04:17] [Server thread/INFO]: Preparing spawn area: 9%
[22:04:17] [Server thread/INFO]: Preparing spawn area: 9%
[22:04:18] [Server thread/WARN]: Method overwrite conflict for computeValue in spellbladenext.mixins.json:AttributeMixin from mod spellbladenext, previously written by com.extraspellattributes.mixin.AttributeMixin. Skipping method.
[22:04:18] [Server thread/WARN]: Method overwrite conflict for computeAdded in spellbladenext.mixins.json:AttributeMixin from mod spellbladenext, previously written by com.extraspellattributes.mixin.AttributeMixin. Skipping method.
[22:04:19] [Server thread/INFO]: Time elapsed: 5982 ms
[22:04:19] [Server thread/INFO]: Done (7.277s)! For help, type "help"
[22:04:19] [Server thread/WARN]: Dedicated server took 77.07 seconds to load
[22:04:19] [Server thread/INFO]: Mixing common.MixinServerStatus from mixins/common/nochatreports.mixins.json into net.minecraft.class_2926
[22:04:19] [Server thread/ERROR]: Couldn't load the given entries within tag alloy_forgery:blacklisted_blasting_recipes: minecraft:coal_from_blasting_coal_ore (from fabric), minecraft:coal_from_blasting_deepslate_coal_ore (from fabric)
[22:04:19] [Server thread/INFO]: Loading quests from /workspaces/chivito/servidor_minecraft/config/ftbquests/quests
[22:04:20] [Server thread/INFO]: Loaded 9 chapter groups, 33 chapters, 1630 quests, 13 reward tables
[22:04:20] [Server thread/INFO]: Encoded Weapon Attribute registry size: 392673 bytes (uncompressed), 21024 bytes (compressed), compression ratio: 94.6% (in 3 string chunks with the size of 10000)
[22:04:20] [Server thread/INFO]: Loaded config for: connectivity.json
[22:04:20] [Server thread/INFO]: Loaded config for: clickadv.json
[22:04:20] [Server thread/INFO]: Loaded config for: dragonfight.json
[22:04:20] [Server thread/INFO]: Loaded config for: smoothchunk.json
[22:04:20] [Server thread/INFO]: [STDOUT]: PREPARING FOR RELOAD
[22:04:20] [Server thread/INFO]: Start loading plugin from Applied Energistics 2
[22:04:20] [Server thread/INFO]: Start loading plugin from Balm
[22:04:20] [Server thread/INFO]: Start loading plugin from ExtendedAE
[22:04:20] [Server thread/INFO]: Start loading plugin from Jade
[22:04:20] [Server thread/INFO]: Start loading plugin from Jade
[22:04:20] [Server thread/INFO]: Start loading plugin from Jade
[22:04:20] [Server thread/INFO]: Start loading plugin from Supplementaries
[22:04:20] [Server thread/INFO]: Start loading plugin from HT's TreeChop
[22:04:20] [Server thread/INFO]: Start loading plugin from Zenith Renewed
[22:04:20] [Server thread/INFO]: Start loading plugin from Zenith Renewed
[22:04:20] [Server thread/INFO]: Start loading plugin from Zenith Renewed
[22:04:20] [Server thread/INFO]: Loaded 0 items attribute modifier(s)
[22:04:21] [Server thread/INFO]: (Re-)initialised bulk cell compression.
[22:04:21] [Server thread/INFO]: Loaded values for 144 compatible attributes.
[22:04:21] [Server thread/WARN]: Attribute ID 'puffish_skills:player.ranged_damage' does not belong to a known attribute. This entry will be ignored.
[22:04:21] [Server thread/WARN]: Attribute ID 'spellbladenext:converttofire' does not belong to a known attribute. This entry will be ignored.
[22:04:21] [Server thread/WARN]: Attribute ID 'spellbladenext:converttoarcane' does not belong to a known attribute. This entry will be ignored.
[22:04:21] [Server thread/WARN]: Attribute ID 'puffish_skills:player.fortune' does not belong to a known attribute. This entry will be ignored.
[22:04:21] [Server thread/WARN]: Attribute ID 'spellbladenext:warding' does not belong to a known attribute. This entry will be ignored.
[22:04:21] [Server thread/WARN]: Attribute ID 'additionalentityattributes:dig_speed' does not belong to a known attribute. This entry will be ignored.
[22:04:21] [Server thread/WARN]: Attribute ID 'spellbladenext:convertfromfrost' does not belong to a known attribute. This entry will be ignored.
[22:04:21] [Server thread/WARN]: Attribute ID 'additionalentityattributes:water_visibility' does not belong to a known attribute. This entry will be ignored.
[22:04:21] [Server thread/WARN]: Attribute ID 'minecraft:estrogen.boob_initial_size' does not belong to a known attribute. This entry will be ignored.
[22:04:21] [Server thread/WARN]: Attribute ID 'additionalentityattributes:critical_bonus_damage' does not belong to a known attribute. This entry will be ignored.
[22:04:21] [Server thread/WARN]: Attribute ID 'spellbladenext:convertfromarcane' does not belong to a known attribute. This entry will be ignored.
[22:04:21] [Server thread/WARN]: Attribute ID 'spellbladenext:convertfromfire' does not belong to a known attribute. This entry will be ignored.
[22:04:21] [Server thread/WARN]: Attribute ID 'prominent:ekavar_phase' does not belong to a known attribute. This entry will be ignored.
[22:04:21] [Server thread/WARN]: Attribute ID 'puffish_skills:player.knockback' does not belong to a known attribute. This entry will be ignored.
[22:04:21] [Server thread/WARN]: Attribute ID 'additionalentityattributes:dropped_experience' does not belong to a known attribute. This entry will be ignored.
[22:04:21] [Server thread/WARN]: Attribute ID 'minecraft:estrogen.boob_growing_start_time' does not belong to a known attribute. This entry will be ignored.
[22:04:21] [Server thread/WARN]: Attribute ID 'additionalentityattributes:lava_visibility' does not belong to a known attribute. This entry will be ignored.
[22:04:21] [Server thread/WARN]: Attribute ID 'death_knights:unholy' does not belong to a known attribute. This entry will be ignored.
[22:04:21] [Server thread/WARN]: Attribute ID 'puffish_skills:player.mining_speed' does not belong to a known attribute. This entry will be ignored.
[22:04:21] [Server thread/WARN]: Attribute ID 'additionalentityattributes:water_speed' does not belong to a known attribute. This entry will be ignored.
[22:04:21] [Server thread/WARN]: Attribute ID 'minecraft:estrogen.dash_level' does not belong to a known attribute. This entry will be ignored.
[22:04:21] [Server thread/WARN]: Attribute ID 'puffish_skills:player.jump' does not belong to a known attribute. This entry will be ignored.
[22:04:21] [Server thread/WARN]: Attribute ID 'additionalentityattributes:magic_protection' does not belong to a known attribute. This entry will be ignored.
[22:04:21] [Server thread/WARN]: Attribute ID 'additionalentityattributes:bonus_loot_count_rolls' does not belong to a known attribute. This entry will be ignored.
[22:04:21] [Server thread/WARN]: Attribute ID 'additionalentityattributes:lung_capacity' does not belong to a known attribute. This entry will be ignored.
[22:04:21] [Server thread/WARN]: Attribute ID 'puffish_skills:player.resistance' does not belong to a known attribute. This entry will be ignored.
[22:04:21] [Server thread/WARN]: Attribute ID 'death_knights:blood' does not belong to a known attribute. This entry will be ignored.
[22:04:21] [Server thread/WARN]: Attribute ID 'spellbladenext:converttofrost' does not belong to a known attribute. This entry will be ignored.
[22:04:21] [Server thread/WARN]: Attribute ID 'puffish_skills:player.stamina' does not belong to a known attribute. This entry will be ignored.
[22:04:21] [Server thread/WARN]: Attribute ID 'puffish_skills:player.healing' does not belong to a known attribute. This entry will be ignored.
[22:04:21] [Server thread/WARN]: Attribute ID 'puffish_skills:player.sprinting_speed' does not belong to a known attribute. This entry will be ignored.
[22:04:21] [Server thread/WARN]: Attribute ID 'puffish_skills:player.melee_damage' does not belong to a known attribute. This entry will be ignored.
[22:04:21] [Server thread/WARN]: Attribute ID 'spellbladenext:converttoheal' does not belong to a known attribute. This entry will be ignored.
[22:04:21] [Server thread/WARN]: Attribute ID 'additionalentityattributes:lava_speed' does not belong to a known attribute. This entry will be ignored.
[22:04:21] [Server thread/WARN]: Attribute ID 'additionalentityattributes:bonus_rare_loot_rolls' does not belong to a known attribute. This entry will be ignored.
[22:04:21] [Server thread/WARN]: Attribute ID 'minecraft:estrogen.current_dashes' does not belong to a known attribute. This entry will be ignored.
[22:04:21] [Server thread/INFO]: Loaded 194 values from config.
[22:04:21] [Server thread/INFO]: Saving config file. 194 entries.
[22:04:21] [Server thread/INFO]: Applying changes for 194 attributes.
[22:04:21] [Server thread/INFO]: Registered synced player tracker system: ftb_teams
[22:04:21] [Server thread/INFO]: Registered synced player tracker system: ftb_teams
[22:04:21] [Server thread/INFO]: Auto report config loaded for mod: "copycats"
[22:04:21] [Server thread/INFO]: Auto report config loaded for mod: "the_bumblezone"
[22:04:21] [Server thread/INFO]: Blacklist loaded for namespace: "the_bumblezone"
[22:04:21] [Server thread/WARN]: Can't keep up! Is the server overloaded? Running 2608ms or 52 ticks behind
[22:04:21] [Server thread/INFO]: Loading Xaero's Minimap - Stage 2/2 (Server)
[22:04:21] [Server thread/INFO]: Loading Xaero's World Map - Stage 2/2 (Server)
[22:06:22] [Netty Epoll Server IO #1/WARN]: @ModifyConstant conflict. Skipping packetfixer.v1_19_3.fabric.mixins.json:v1_19_3_fabric.PacketEncoderMixin from mod packetfixer->@ModifyConstant::packetfixer$newSize(I)I with priority 1000, already redirected by connectivity.mixins.json:PacketEncoderMixin from mod connectivity->@ModifyConstant::modifyLimit(ILio/netty/channel/ChannelHandlerContext;Lnet/minecraft/class_2596;Lio/netty/buffer/ByteBuf;)I with priority 1000
[22:06:22] [Netty Epoll Server IO #1/INFO]: Mixing server.MixinServerboundChatCommandPacket from mixins/common/nochatreports.mixins.json into net.minecraft.class_7472
[22:06:22] [Netty Epoll Server IO #1/INFO]: Mixing server.MixinServerboundChatPacket from mixins/common/nochatreports.mixins.json into net.minecraft.class_2797
[22:06:22] [Netty Epoll Server IO #1/INFO]: Mixing server.MixinServerboundChatSessionUpdatePacket from mixins/common/nochatreports.mixins.json into net.minecraft.class_7861
[22:06:23] [Server thread/INFO]: [Handshake] Sending channel query
[22:06:23] [Netty Epoll Server IO #2/INFO]: [Handshake] Receiving client channels
[22:06:23] [Netty Epoll Server IO #2/INFO]: [Handshake] Handshake completed successfully
[22:06:23] [Server thread/INFO]: geotrush[/100.88.165.80:50643] logged in with entity id 234 at (-940.2841080811755, 83.0, -2004.1083458695116)
[22:06:23] [Server thread/INFO]: Sending server config values to client
[22:06:23] [Server thread/INFO]: Started config sync for player geotrush
[22:06:24] [Server thread/INFO]: Syncing config to geotrush (583146d1-b2cf-3918-9ea5-b7f59e3efdcf)
[22:06:24] [Server thread/INFO]: Loading config from file...
[22:06:24] [Server thread/ERROR]: [Load My F***ing Tags]: It seems that some tags are a bit cooked. Look at the Logs for more details on broken functions. 
[22:06:25] [Server thread/INFO]: [STDOUT]: Splitting recipes into 10 packets
[22:06:25] [Server thread/INFO]: [betternether] Freeze Registry[ResourceKey[minecraft:root / worlds_together:worldgen/betterx/surface_rules] (Stable)]
[22:06:25] [Server thread/INFO]: geotrush joined the game
[22:06:25] [Server thread/INFO]: [Sortilege] Loading Configs for Sortilege
[22:06:25] [Server thread/INFO]: Updating all forceload tickets for 583146d1-b2cf-3918-9ea5-b7f59e3efdcf
[22:06:26] [Server thread/INFO]: add_player wand
[22:06:26] [Server thread/INFO]: player_data {bleed:0,parry_frames:0,posture:0,target_max_posture:200,target_name:"",target_posture:0}
[22:06:26] [Server thread/WARN]: Can't keep up! Is the server overloaded? Running 2387ms or 47 ticks behind
[22:06:29] [Netty Epoll Server IO #2/INFO]: Receiving client config
[22:06:32] [Netty Epoll Server IO #2/INFO]: Channel update: geotrush -> default
[22:06:32] [Netty Epoll Server IO #2/INFO]: Priority overwritten for player geotrush. Claiming: GRAVE / Robbing: INVENTORY
[22:06:32] [Netty Epoll Server IO #2/INFO]: Finished config sync
[22:06:39] [Netty Epoll Server IO #2/INFO]: [do_a_barrel_roll] Client of geotrush accepted server config.
[22:10:15] [Server thread/INFO]: [STDOUT]: Finalizing energy item registration
[22:10:54] [Worker-Main-2/WARN]: Tried to access a block entity before it was created. class_2338{x=-1168, y=-34, z=-2341}
[22:12:47] [Server thread/INFO]: geotrush was killed by Guardian using magic
[22:12:47] [Server thread/INFO]: Created new backpack backup file for geotrush with unique ID travelersbackpack.iron_golem_31.05.2026-22.12.47.dat
[22:12:57] [Netty Epoll Server IO #2/INFO]: [do_a_barrel_roll] Client of geotrush accepted server config.
[22:12:58] [Server thread/INFO]: <geotrush> eqwe}
[22:13:10] [Server thread/INFO]: <geotrush> eweqe
[22:13:28] [Server thread/INFO]: [STDOUT]: Finalizing fluid block registration
[22:13:28] [Server thread/INFO]: [STDOUT]: Finalizing energy block registration
[22:13:28] [Server thread/INFO]: geotrush claimed a grave belonging to geotrush at -958, 62, -2097, minecraft:overworld
[22:13:35] [Server thread/ERROR]: POI data mismatch: already registered at class_2338{x=-1204, y=-8, z=-2300}
[22:13:35] [Server thread/ERROR]: POI data mismatch: already registered at class_2338{x=-1211, y=-17, z=-2312}
[22:13:35] [Server thread/ERROR]: POI data mismatch: already registered at class_2338{x=-1211, y=-17, z=-2314}
[22:13:36] [Worker-Main-11/WARN]: Tried to access a block entity before it was created. class_2338{x=-1168, y=-34, z=-2341}
[22:15:31] [Server thread/WARN]: Żar-ptak (vehicle of geotrush) moved wrongly! 0.29344353877809226
[22:15:34] [Worker-Main-2/WARN]: Tried to access a block entity before it was created. class_2338{x=-1292, y=108, z=-2196}
[22:15:34] [Worker-Main-2/WARN]: Tried to access a block entity before it was created. class_2338{x=-1292, y=108, z=-2196}
[22:15:42] [Server thread/WARN]: Żar-ptak (vehicle of geotrush) moved wrongly! 0.32122567024134696
[22:15:42] [Server thread/WARN]: Żar-ptak (vehicle of geotrush) moved wrongly! 0.6466892719868156
[22:15:42] [Server thread/WARN]: Żar-ptak (vehicle of geotrush) moved wrongly! 1.1703199423614024
[22:15:43] [Server thread/WARN]: Żar-ptak (vehicle of geotrush) moved wrongly! 1.6838864959827333
[22:19:07] [Server thread/WARN]: Lithium Class Analysis Error: Class org.betterx.bclib.blocks.BaseBlock cannot be analysed, because getting declared methods crashes with NoClassDefFoundError: net/minecraft/class_793. This is usually caused by modded entities declaring methods that have a return type or parameter type that is annotated with @Environment(value=EnvType.CLIENT). Loading the type is not possible, because it only exists in the CLIENT environment. The recommended fix is to annotate the method with this argument or return type with the same annotation. Lithium handles this error by assuming the class cannot be included in some optimizations.
[22:19:07] [Server thread/WARN]: Lithium Class Analysis Error: Class org.betterx.bclib.blocks.BaseBlock cannot be analysed, because getting declared methods crashes with NoClassDefFoundError: net/minecraft/class_793. This is usually caused by modded entities declaring methods that have a return type or parameter type that is annotated with @Environment(value=EnvType.CLIENT). Loading the type is not possible, because it only exists in the CLIENT environment. The recommended fix is to annotate the method with this argument or return type with the same annotation. Lithium handles this error by assuming the class cannot be included in some optimizations.
[22:20:20] [pool-13-thread-1/INFO]: Searching for closest structure among [ResourceKey[minecraft:worldgen/structure / ctov:small/village_mushroom], ResourceKey[minecraft:worldgen/structure / minecraft:village_desert], ResourceKey[minecraft:worldgen/structure / ctov:medium/village_taiga_fortified], ResourceKey[minecraft:worldgen/structure / ctov:small/village_mountain_alpine], ResourceKey[minecraft:worldgen/structure / ctov:small/village_mountain], ResourceKey[minecraft:worldgen/structure / ctov:large/village_dark_forest], ResourceKey[minecraft:worldgen/structure / towns_and_towers:exclusives/village_iberian], ResourceKey[minecraft:worldgen/structure / towns_and_towers:village_grove]] from pos class_2338{x=-197, y=76, z=-565}
[22:20:24] [Server thread/WARN]: Can't keep up! Is the server overloaded? Running 3463ms or 69 ticks behind
[22:20:48] [Server thread/WARN]: Can't keep up! Is the server overloaded? Running 8251ms or 165 ticks behind
[22:20:50] [Server thread/INFO]: <geotrush> eewq
[22:21:22] [Server thread/INFO]: <geotrush> eweq
[22:21:38] [Server thread/INFO]: <geotrush> eweq
[22:21:51] [Server thread/INFO]: <geotrush> eweq
[22:22:04] [Server thread/INFO]: geotrush lost connection: Disconnected
[22:22:04] [Server thread/INFO]: geotrush left the game
[22:22:04] [Server thread/INFO]: remove player wand
[22:22:04] [Server thread/INFO]: Updating all forceload tickets for 583146d1-b2cf-3918-9ea5-b7f59e3efdcf
[22:22:09] [Server thread/INFO]: [Handshake] Sending channel query
[22:22:09] [Netty Epoll Server IO #4/INFO]: [Handshake] Receiving client channels
[22:22:09] [Netty Epoll Server IO #4/INFO]: [Handshake] Handshake completed successfully
[22:22:09] [Server thread/INFO]: geotrush[/100.88.165.80:51586] logged in with entity id 15256 at (-84.62122109445127, 169.14408853543608, -385.7160062888184)
[22:22:09] [Server thread/INFO]: Sending server config values to client
[22:22:09] [Server thread/INFO]: Started config sync for player geotrush
[22:22:09] [Server thread/INFO]: Syncing config to geotrush (583146d1-b2cf-3918-9ea5-b7f59e3efdcf)
[22:22:09] [Server thread/INFO]: Loading config from file...
[22:22:09] [Server thread/ERROR]: [Load My F***ing Tags]: It seems that some tags are a bit cooked. Look at the Logs for more details on broken functions. 
[22:22:10] [Server thread/INFO]: [STDOUT]: Splitting recipes into 10 packets
[22:22:10] [Server thread/INFO]: [betternether] Freeze Registry[ResourceKey[minecraft:root / worlds_together:worldgen/betterx/surface_rules] (Stable)]
[22:22:10] [Server thread/INFO]: geotrush joined the game
[22:22:10] [Server thread/INFO]: [Sortilege] Loading Configs for Sortilege
[22:22:10] [Server thread/WARN]: Skipped emitting ENTITY_MOUNT game event for entity FirebirdEntity['Żar-ptak'/15257, l='ServerLevel[world]', x=-84.62, y=74.18, z=-385.72] as it would cause deadlock
[22:22:10] [Server thread/INFO]: Updating all forceload tickets for 583146d1-b2cf-3918-9ea5-b7f59e3efdcf
[22:22:10] [Server thread/INFO]: add_player wand
[22:22:10] [Server thread/INFO]: player_data {bleed:0,parry_frames:0,posture:0,should_damage_riding:0b,target_max_posture:200,target_name:"",target_posture:0}
[22:22:13] [Netty Epoll Server IO #4/INFO]: Receiving client config
[22:22:17] [Netty Epoll Server IO #4/INFO]: Channel update: geotrush -> default
[22:22:17] [Netty Epoll Server IO #4/INFO]: Priority overwritten for player geotrush. Claiming: GRAVE / Robbing: INVENTORY
[22:22:17] [Netty Epoll Server IO #4/INFO]: Finished config sync
[22:22:24] [Netty Epoll Server IO #4/INFO]: [do_a_barrel_roll] Client of geotrush accepted server config.
[22:22:34] [Server thread/INFO]: <geotrush> eweq
[22:28:37] [Server thread/INFO]: geotrush has completed the challenge [Icy Veins]
[22:28:44] [Server thread/INFO]: [STDOUT]: Triggering advancement SpellBindingCriteria.INSTANCE poolId: wizards:frost isComplete: true
[22:28:44] [Server thread/WARN]: Can't keep up! Is the server overloaded? Running 6783ms or 135 ticks behind
